Gmt time,Open,High,Low,Close,Volume
30.06.2016 21:00:00.000,1.11061,1.11693,1.10720,1.11365,231580.11999999997
01.07.2016 21:00:00.000,1.11365,1.11365,1.11365,1.11365,0
02.07.2016 21:00:00.000,1.11365,1.11365,1.11365,1.11365,0
03.07.2016 21:00:00.000,1.11253,1.11595,1.10979,1.11523,152214.8191
04.07.2016 21:00:00.000,1.11533,1.11863,1.10623,1.10746,213970.11159999997
05.07.2016 21:00:00.000,1.10756,1.11116,1.10291,1.10996,243265.82029999996
06.07.2016 21:00:00.000,1.10996,1.11072,1.10526,1.10617,204540.48950000003
07.07.2016 21:00:00.000,1.10604,1.11201,1.10018,1.10497,199960.8095
08.07.2016 21:00:00.000,1.10497,1.10497,1.10497,1.10497,0
09.07.2016 21:00:00.000,1.10497,1.10497,1.10497,1.10497,0
10.07.2016 21:00:00.000,1.10456,1.10746,1.10159,1.10564,198073.3606
11.07.2016 21:00:00.000,1.10563,1.11259,1.10521,1.10599,219158.32239999995
12.07.2016 21:00:00.000,1.10602,1.11199,1.10420,1.10892,224822.32929999995
13.07.2016 21:00:00.000,1.10884,1.11648,1.10875,1.11169,240710.66090000002
14.07.2016 21:00:00.000,1.11163,1.11488,1.10248,1.10295,231826.34090000004
15.07.2016 21:00:00.000,1.10295,1.10295,1.10295,1.10295,0
16.07.2016 21:00:00.000,1.10295,1.10295,1.10295,1.10295,0
17.07.2016 21:00:00.000,1.10454,1.10842,1.10376,1.10749,184778.68110000002
18.07.2016 21:00:00.000,1.10747,1.10804,1.10000,1.10195,202060.5882
19.07.2016 21:00:00.000,1.10196,1.10301,1.09815,1.10134,644212.3132999999
20.07.2016 21:00:00.000,1.10134,1.10599,1.09796,1.10243,1105321.0470000003
21.07.2016 21:00:00.000,1.10243,1.10410,1.09555,1.09754,994620.8085000002
22.07.2016 21:00:00.000,1.09754,1.09754,1.09754,1.09754,0
23.07.2016 21:00:00.000,1.09754,1.09754,1.09754,1.09754,0
24.07.2016 21:00:00.000,1.09713,1.09987,1.09519,1.09947,896479.6619999999
25.07.2016 21:00:00.000,1.09947,1.10298,1.09783,1.09862,870568.3505000001
26.07.2016 21:00:00.000,1.09862,1.10648,1.09612,1.10579,889236.8282999998
27.07.2016 21:00:00.000,1.10579,1.11195,1.10519,1.10755,1119339.148
28.07.2016 21:00:00.000,1.10748,1.11974,1.10727,1.11726,1109986.5247
29.07.2016 21:00:00.000,1.11726,1.11726,1.11726,1.11726,0
30.07.2016 21:00:00.000,1.11726,1.11726,1.11726,1.11726,0
31.07.2016 21:00:00.000,1.11726,1.11836,1.11552,1.11611,818361.1352000001
01.08.2016 21:00:00.000,1.11611,1.12336,1.11578,1.12215,1029100.5538999999
02.08.2016 21:00:00.000,1.12215,1.12268,1.11406,1.11491,905255.4234999999
03.08.2016 21:00:00.000,1.11491,1.11563,1.11140,1.11273,952442.7042
04.08.2016 21:00:00.000,1.11273,1.11612,1.10458,1.10854,875836.2855
05.08.2016 21:00:00.000,1.10854,1.10854,1.10854,1.10854,0
06.08.2016 21:00:00.000,1.10854,1.10854,1.10854,1.10854,0
07.08.2016 21:00:00.000,1.10777,1.11049,1.10721,1.10877,793851.7997999999
08.08.2016 21:00:00.000,1.10879,1.11225,1.10705,1.11163,813734.9725000003
09.08.2016 21:00:00.000,1.11164,1.11901,1.11121,1.11753,897185.7345000001
10.08.2016 21:00:00.000,1.11757,1.11914,1.11354,1.11372,782003.0211999998
11.08.2016 21:00:00.000,1.11372,1.12213,1.11313,1.11621,769045.119
12.08.2016 21:00:00.000,1.11621,1.11621,1.11621,1.11621,0
13.08.2016 21:00:00.000,1.11621,1.11621,1.11621,1.11621,0
14.08.2016 21:00:00.000,1.11670,1.12034,1.11538,1.11832,764520.9858999999
15.08.2016 21:00:00.000,1.11825,1.13223,1.11774,1.12780,879843.1266
16.08.2016 21:00:00.000,1.12776,1.13159,1.12407,1.12883,793861.2815
17.08.2016 21:00:00.000,1.12883,1.13663,1.12853,1.13529,831054.3904000003
18.08.2016 21:00:00.000,1.13528,1.13596,1.13042,1.13216,778257.0695
19.08.2016 21:00:00.000,1.13216,1.13216,1.13216,1.13216,0
20.08.2016 21:00:00.000,1.13216,1.13216,1.13216,1.13216,0
21.08.2016 21:00:00.000,1.13088,1.13306,1.12710,1.13200,1056731.5417
22.08.2016 21:00:00.000,1.13200,1.13553,1.13032,1.13052,937632.1559
23.08.2016 21:00:00.000,1.13052,1.13115,1.12452,1.12636,912469.0766999999
24.08.2016 21:00:00.000,1.12633,1.12974,1.12592,1.12840,611414.5443
25.08.2016 21:00:00.000,1.12794,1.13408,1.11804,1.11951,740307.9969000001
26.08.2016 21:00:00.000,1.11951,1.11951,1.11951,1.11951,0
27.08.2016 21:00:00.000,1.11951,1.11951,1.11951,1.11951,0
28.08.2016 21:00:00.000,1.11752,1.12077,1.11580,1.11885,807142.4647000001
29.08.2016 21:00:00.000,1.11885,1.11923,1.11321,1.11430,998822.3602
30.08.2016 21:00:00.000,1.11427,1.11654,1.11232,1.11574,1087408.2055
31.08.2016 21:00:00.000,1.11573,1.12051,1.11276,1.11965,1151142.4755000002
01.09.2016 21:00:00.000,1.11962,1.12521,1.11503,1.11539,1117497.8405
02.09.2016 21:00:00.000,1.11539,1.11539,1.11539,1.11539,0
03.09.2016 21:00:00.000,1.11539,1.11539,1.11539,1.11539,0
04.09.2016 21:00:00.000,1.11559,1.11824,1.11395,1.11468,782413.9828000001
05.09.2016 21:00:00.000,1.11467,1.12631,1.11409,1.12550,1132426.3006000002
06.09.2016 21:00:00.000,1.12550,1.12714,1.12290,1.12392,1074537.5353
07.09.2016 21:00:00.000,1.12389,1.13269,1.12345,1.12596,1226531.5250999997
08.09.2016 21:00:00.000,1.12597,1.12850,1.11985,1.12318,1192489.9378
09.09.2016 21:00:00.000,1.12318,1.12318,1.12318,1.12318,0
10.09.2016 21:00:00.000,1.12318,1.12318,1.12318,1.12318,0
11.09.2016 21:00:00.000,1.12343,1.12684,1.12103,1.12348,1203302.0434
12.09.2016 21:00:00.000,1.12347,1.12602,1.12039,1.12184,1165638.7626999996
13.09.2016 21:00:00.000,1.12184,1.12740,1.12100,1.12487,1116643.9840999998
14.09.2016 21:00:00.000,1.12487,1.12843,1.12190,1.12436,1062290.4392000001
15.09.2016 21:00:00.000,1.12426,1.12501,1.11495,1.11509,1088409.2100999998
16.09.2016 21:00:00.000,1.11509,1.11509,1.11509,1.11509,0
17.09.2016 21:00:00.000,1.11509,1.11509,1.11509,1.11509,0
18.09.2016 21:00:00.000,1.11500,1.11978,1.11497,1.11736,1152286.1641000002
19.09.2016 21:00:00.000,1.11736,1.12134,1.11499,1.11503,1123909.2545
20.09.2016 21:00:00.000,1.11502,1.11966,1.11230,1.11870,1282111.2633999998
21.09.2016 21:00:00.000,1.11870,1.12573,1.11849,1.12080,1350677.7911
22.09.2016 21:00:00.000,1.12080,1.12405,1.11938,1.12237,1202764.3743
23.09.2016 21:00:00.000,1.12237,1.12237,1.12237,1.12237,0
24.09.2016 21:00:00.000,1.12237,1.12237,1.12237,1.12237,0
25.09.2016 21:00:00.000,1.12294,1.12792,1.12211,1.12532,1201494.6242
26.09.2016 21:00:00.000,1.12532,1.12589,1.11910,1.12146,1191271.3309000002
27.09.2016 21:00:00.000,1.12145,1.12369,1.11820,1.12172,1299657.7475
28.09.2016 21:00:00.000,1.12166,1.12497,1.11968,1.12213,1377870.7883000001
29.09.2016 21:00:00.000,1.12213,1.12507,1.11533,1.12392,1469805.3427
30.09.2016 21:00:00.000,1.12392,1.12392,1.12392,1.12392,0
01.10.2016 21:00:00.000,1.12392,1.12392,1.12392,1.12392,0
02.10.2016 21:00:00.000,1.12287,1.12442,1.12052,1.12104,996708.8692999999
03.10.2016 21:00:00.000,1.12104,1.12391,1.11379,1.12027,1244796.9441
04.10.2016 21:00:00.000,1.12022,1.12333,1.11897,1.12044,1136936.5153
05.10.2016 21:00:00.000,1.12044,1.12124,1.11399,1.11497,1061039.0573
06.10.2016 21:00:00.000,1.11497,1.12051,1.11043,1.11986,1287979.5286
07.10.2016 21:00:00.000,1.11986,1.11986,1.11986,1.11986,0
08.10.2016 21:00:00.000,1.11986,1.11986,1.11986,1.11986,0
09.10.2016 21:00:00.000,1.11815,1.12032,1.11314,1.11375,996432.0684000001
10.10.2016 21:00:00.000,1.11371,1.11423,1.10488,1.10529,1043611.8573
11.10.2016 21:00:00.000,1.10533,1.10676,1.10044,1.10062,1129528.8219
12.10.2016 21:00:00.000,1.10062,1.10576,1.09855,1.10550,1040083.5800000002
13.10.2016 21:00:00.000,1.10550,1.10581,1.09705,1.09715,1101272.4075000002
14.10.2016 21:00:00.000,1.09715,1.09715,1.09715,1.09715,0
15.10.2016 21:00:00.000,1.09715,1.09715,1.09715,1.09715,0
16.10.2016 21:00:00.000,1.09690,1.10079,1.09638,1.09995,1037587.8236
17.10.2016 21:00:00.000,1.09983,1.10263,1.09700,1.09807,976335.6878999998
18.10.2016 21:00:00.000,1.09805,1.10048,1.09550,1.09736,959684.7405000001
19.10.2016 21:00:00.000,1.09736,1.10392,1.09159,1.09292,1027220.0984
20.10.2016 21:00:00.000,1.09288,1.09297,1.08592,1.08818,991273.1107000001
21.10.2016 21:00:00.000,1.08818,1.08818,1.08818,1.08818,0
22.10.2016 21:00:00.000,1.08818,1.08818,1.08818,1.08818,0
23.10.2016 21:00:00.000,1.08811,1.08996,1.08596,1.08811,527967.8341
24.10.2016 21:00:00.000,1.08812,1.09050,1.08511,1.08879,194777.57989999998
25.10.2016 21:00:00.000,1.08878,1.09464,1.08744,1.09076,190674.2921
26.10.2016 21:00:00.000,1.09076,1.09422,1.08826,1.08952,182073.6708
27.10.2016 21:00:00.000,1.08954,1.09917,1.08929,1.09824,193953.1895
28.10.2016 21:00:00.000,1.09824,1.09824,1.09824,1.09824,0
29.10.2016 21:00:00.000,1.09824,1.09824,1.09824,1.09824,0
30.10.2016 21:00:00.000,1.09896,1.09912,1.09359,1.09800,174688.0999
31.10.2016 21:00:00.000,1.09804,1.10690,1.09599,1.10552,223477.6518
01.11.2016 21:00:00.000,1.10552,1.11230,1.10496,1.10972,245625.81040000002
02.11.2016 21:00:00.000,1.10968,1.11259,1.10596,1.11042,253988.33100000003
03.11.2016 21:00:00.000,1.11042,1.11412,1.10798,1.11378,223908.8695
04.11.2016 21:00:00.000,1.11378,1.11378,1.11378,1.11378,0
05.11.2016 21:00:00.000,1.11378,1.11378,1.11378,1.11378,0
06.11.2016 22:00:00.000,1.10637,1.11103,1.10274,1.10401,230736.95929999996
07.11.2016 22:00:00.000,1.10401,1.10669,1.10088,1.10256,208387.6882
08.11.2016 22:00:00.000,1.10256,1.12995,1.09070,1.09094,433704.04240000003
09.11.2016 22:00:00.000,1.09094,1.09537,1.08649,1.08914,314775.8384
10.11.2016 22:00:00.000,1.08906,1.09234,1.08303,1.08516,295545.4392
11.11.2016 22:00:00.000,1.08516,1.08516,1.08516,1.08516,0
12.11.2016 22:00:00.000,1.08516,1.08516,1.08516,1.08516,0
13.11.2016 22:00:00.000,1.08330,1.08401,1.07091,1.07364,365084.8177000001
14.11.2016 22:00:00.000,1.07362,1.08166,1.07141,1.07206,307281.33940000006
15.11.2016 22:00:00.000,1.07206,1.07595,1.06661,1.06906,282528.1895
16.11.2016 22:00:00.000,1.06904,1.07455,1.06199,1.06262,247077.7725
17.11.2016 22:00:00.000,1.06268,1.06428,1.05692,1.05866,269817.80939999997
18.11.2016 22:00:00.000,1.05866,1.05866,1.05866,1.05866,0
19.11.2016 22:00:00.000,1.05866,1.05866,1.05866,1.05866,0
20.11.2016 22:00:00.000,1.05922,1.06491,1.05788,1.06272,237146.5517
21.11.2016 22:00:00.000,1.06272,1.06579,1.05836,1.06260,221212.4597
22.11.2016 22:00:00.000,1.06263,1.06436,1.05263,1.05534,219685.73200000002
23.11.2016 22:00:00.000,1.05527,1.05852,1.05180,1.05518,186858.4403
24.11.2016 22:00:00.000,1.05501,1.06273,1.05384,1.05901,219010.8309
25.11.2016 22:00:00.000,1.05901,1.05901,1.05901,1.05901,0
26.11.2016 22:00:00.000,1.05901,1.05901,1.05901,1.05901,0
27.11.2016 22:00:00.000,1.06111,1.06856,1.05636,1.06133,233019.85860000004
28.11.2016 22:00:00.000,1.06130,1.06542,1.05649,1.06492,229007.07899999997
29.11.2016 22:00:00.000,1.06490,1.06666,1.05527,1.05881,276131.9304
30.11.2016 22:00:00.000,1.05879,1.06688,1.05846,1.06607,280563.0767
01.12.2016 22:00:00.000,1.06602,1.06898,1.06253,1.06632,253743.26069999998
02.12.2016 22:00:00.000,1.06632,1.06632,1.06632,1.06632,0
03.12.2016 22:00:00.000,1.06632,1.06632,1.06632,1.06632,0
04.12.2016 22:00:00.000,1.06262,1.07963,1.05055,1.07635,326377.22089999996
05.12.2016 22:00:00.000,1.07633,1.07853,1.06986,1.07185,218259.03800000003
06.12.2016 22:00:00.000,1.07165,1.07684,1.07098,1.07526,175770.19989999998
07.12.2016 22:00:00.000,1.07523,1.08734,1.05973,1.06144,246347.81829999998
08.12.2016 22:00:00.000,1.06145,1.06297,1.05310,1.05591,200763.1794
09.12.2016 22:00:00.000,1.05591,1.05591,1.05591,1.05591,0
10.12.2016 22:00:00.000,1.05591,1.05591,1.05591,1.05591,0
11.12.2016 22:00:00.000,1.05312,1.06517,1.05254,1.06342,219920.98930000002
12.12.2016 22:00:00.000,1.06341,1.06671,1.06037,1.06246,209495.5598
13.12.2016 22:00:00.000,1.06246,1.06700,1.04965,1.05335,229415.53870000003
14.12.2016 22:00:00.000,1.05335,1.05390,1.03665,1.04131,285811.2725999999
15.12.2016 22:00:00.000,1.04131,1.04742,1.04008,1.04483,217448.8784
16.12.2016 22:00:00.000,1.04483,1.04483,1.04483,1.04483,0
17.12.2016 22:00:00.000,1.04483,1.04483,1.04483,1.04483,0
18.12.2016 22:00:00.000,1.04385,1.04795,1.03924,1.04027,187430.5911
19.12.2016 22:00:00.000,1.04027,1.04178,1.03523,1.03882,188486.90869999994
20.12.2016 22:00:00.000,1.03883,1.04511,1.03824,1.04237,173049.5595
21.12.2016 22:00:00.000,1.04239,1.04993,1.04229,1.04360,171129.2509
22.12.2016 22:00:00.000,1.04357,1.04690,1.04265,1.04532,117319.97929999999
23.12.2016 22:00:00.000,1.04532,1.04532,1.04532,1.04532,0
24.12.2016 22:00:00.000,1.04532,1.04532,1.04532,1.04532,0
25.12.2016 22:00:00.000,1.04416,1.04674,1.04380,1.04511,99108.63979999998
26.12.2016 22:00:00.000,1.04506,1.04633,1.04324,1.04553,109398.33989999998
27.12.2016 22:00:00.000,1.04544,1.04798,1.03721,1.04112,151221.28
28.12.2016 22:00:00.000,1.04110,1.04939,1.04083,1.04894,171482.13050000003
29.12.2016 22:00:00.000,1.04868,1.06526,1.04829,1.05150,214355.26950000002
30.12.2016 22:00:00.000,1.05150,1.05150,1.05150,1.05150,0
31.12.2016 22:00:00.000,1.05150,1.05150,1.05150,1.05150,0
01.01.2017 22:00:00.000,1.05148,1.05288,1.04501,1.04542,79355.61000000002
02.01.2017 22:00:00.000,1.04535,1.04901,1.03403,1.04054,218401.31090000007
03.01.2017 22:00:00.000,1.04051,1.04998,1.03900,1.04889,231031.0592
04.01.2017 22:00:00.000,1.04889,1.06153,1.04807,1.06058,272354.46869999997
05.01.2017 22:00:00.000,1.06053,1.06221,1.05250,1.05290,232906.8496
06.01.2017 22:00:00.000,1.05290,1.05290,1.05290,1.05290,0
07.01.2017 22:00:00.000,1.05290,1.05290,1.05290,1.05290,0
08.01.2017 22:00:00.000,1.05300,1.05828,1.05109,1.05726,218214.1105
09.01.2017 22:00:00.000,1.05728,1.06272,1.05509,1.05540,230451.78100000008
10.01.2017 22:00:00.000,1.05548,1.06229,1.04538,1.05822,285589.92870000005
11.01.2017 22:00:00.000,1.05824,1.06847,1.05714,1.06123,282270.73099999997
12.01.2017 22:00:00.000,1.06121,1.06734,1.05961,1.06420,233694.03830000001
13.01.2017 22:00:00.000,1.06420,1.06420,1.06420,1.06420,0
14.01.2017 22:00:00.000,1.06420,1.06420,1.06420,1.06420,0
15.01.2017 22:00:00.000,1.06039,1.06358,1.05793,1.05986,174768.77030000003
16.01.2017 22:00:00.000,1.05986,1.07191,1.05974,1.07135,285569.9111
17.01.2017 22:00:00.000,1.07126,1.07151,1.06285,1.06293,240388.55820000003
18.01.2017 22:00:00.000,1.06293,1.06766,1.05892,1.06634,276420.1204
19.01.2017 22:00:00.000,1.06630,1.07094,1.06251,1.06990,232571.27969999998
20.01.2017 22:00:00.000,1.06990,1.06990,1.06990,1.06990,0
21.01.2017 22:00:00.000,1.06990,1.06990,1.06990,1.06990,0
22.01.2017 22:00:00.000,1.07027,1.07688,1.06941,1.07634,218073.02000000002
23.01.2017 22:00:00.000,1.07635,1.07749,1.07204,1.07310,192187.1805
24.01.2017 22:00:00.000,1.07309,1.07698,1.07112,1.07470,233525.01030000002
25.01.2017 22:00:00.000,1.07470,1.07655,1.06576,1.06827,242892.66940000004
26.01.2017 22:00:00.000,1.06826,1.07250,1.06584,1.06958,216545.39329999997
27.01.2017 22:00:00.000,1.06958,1.06958,1.06958,1.06958,0
28.01.2017 22:00:00.000,1.06958,1.06958,1.06958,1.06958,0
29.01.2017 22:00:00.000,1.07213,1.07402,1.06203,1.06948,213630.29030000002
30.01.2017 22:00:00.000,1.06948,1.08122,1.06846,1.07974,283173.4118
31.01.2017 22:00:00.000,1.07972,1.08073,1.07310,1.07681,244311.7493
01.02.2017 22:00:00.000,1.07686,1.08288,1.07560,1.07578,244494.17999999996
02.02.2017 22:00:00.000,1.07575,1.07975,1.07115,1.07818,233628.4015
03.02.2017 22:00:00.000,1.07818,1.07818,1.07818,1.07818,0
04.02.2017 22:00:00.000,1.07818,1.07818,1.07818,1.07818,0
05.02.2017 22:00:00.000,1.07896,1.07915,1.07059,1.07494,221099.2716
06.02.2017 22:00:00.000,1.07502,1.07506,1.06561,1.06830,231860.9483
07.02.2017 22:00:00.000,1.06832,1.07139,1.06407,1.06983,238445.55990000002
08.02.2017 22:00:00.000,1.06980,1.07095,1.06509,1.06545,233800.94669999997
09.02.2017 22:00:00.000,1.06545,1.06677,1.06077,1.06397,243459.7512
10.02.2017 22:00:00.000,1.06397,1.06397,1.06397,1.06397,0
11.02.2017 22:00:00.000,1.06397,1.06397,1.06397,1.06397,0
12.02.2017 22:00:00.000,1.06285,1.06585,1.05920,1.05979,199877.73070000001
13.02.2017 22:00:00.000,1.05975,1.06333,1.05608,1.05774,219755.63110000003
14.02.2017 22:00:00.000,1.05774,1.06092,1.05214,1.05999,238988.1102
15.02.2017 22:00:00.000,1.05998,1.06794,1.05911,1.06733,246289.71089999995
16.02.2017 22:00:00.000,1.06733,1.06767,1.06054,1.06114,209979.84840000002
17.02.2017 22:00:00.000,1.06114,1.06114,1.06114,1.06114,0
18.02.2017 22:00:00.000,1.06114,1.06114,1.06114,1.06114,0
19.02.2017 22:00:00.000,1.06075,1.06329,1.06031,1.06108,145367.7991
20.02.2017 22:00:00.000,1.06108,1.06150,1.05258,1.05366,226059.87919999997
21.02.2017 22:00:00.000,1.05366,1.05740,1.04938,1.05573,270228.0203
22.02.2017 22:00:00.000,1.05568,1.05952,1.05376,1.05815,239946.89829999997
23.02.2017 22:00:00.000,1.05817,1.06179,1.05565,1.05595,239719.358
24.02.2017 22:00:00.000,1.05595,1.05595,1.05595,1.05595,0
25.02.2017 22:00:00.000,1.05595,1.05595,1.05595,1.05595,0
26.02.2017 22:00:00.000,1.05637,1.06306,1.05515,1.05859,224388.3294
27.02.2017 22:00:00.000,1.05866,1.06301,1.05693,1.05762,255313.4808
28.02.2017 22:00:00.000,1.05762,1.05894,1.05142,1.05471,286450.5518
01.03.2017 22:00:00.000,1.05471,1.05511,1.04948,1.05064,243100.3623
02.03.2017 22:00:00.000,1.05055,1.06239,1.05022,1.06203,248287.93000000005
03.03.2017 22:00:00.000,1.06203,1.06203,1.06203,1.06203,0
04.03.2017 22:00:00.000,1.06203,1.06203,1.06203,1.06203,0
05.03.2017 22:00:00.000,1.06097,1.06399,1.05747,1.05807,201595.9798
06.03.2017 22:00:00.000,1.05805,1.06025,1.05581,1.05663,192012.30890000003
07.03.2017 22:00:00.000,1.05655,1.05741,1.05347,1.05402,204400.5686
08.03.2017 22:00:00.000,1.05398,1.06151,1.05249,1.05766,231916.9103
09.03.2017 22:00:00.000,1.05766,1.06990,1.05721,1.06728,216220.3113
10.03.2017 22:00:00.000,1.06728,1.06728,1.06728,1.06728,0
11.03.2017 22:00:00.000,1.06728,1.06728,1.06728,1.06728,0
12.03.2017 21:00:00.000,1.06747,1.07142,1.06520,1.06536,207691.94019999995
13.03.2017 21:00:00.000,1.06531,1.06624,1.06003,1.06035,181541.13869999998
14.03.2017 21:00:00.000,1.06038,1.07399,1.06032,1.07339,206466.3189
15.03.2017 21:00:00.000,1.07330,1.07702,1.07057,1.07652,238707.0599
16.03.2017 21:00:00.000,1.07652,1.07823,1.07274,1.07382,196454.0994
17.03.2017 21:00:00.000,1.07382,1.07382,1.07382,1.07382,0
18.03.2017 21:00:00.000,1.07382,1.07382,1.07382,1.07382,0
19.03.2017 21:00:00.000,1.07318,1.07772,1.07251,1.07393,167761.7289
20.03.2017 21:00:00.000,1.07390,1.08191,1.07190,1.08097,223744.34250000003
21.03.2017 21:00:00.000,1.08092,1.08245,1.07758,1.07963,222410.72919999994
22.03.2017 21:00:00.000,1.07962,1.08048,1.07680,1.07830,206456.05049999998
23.03.2017 21:00:00.000,1.07830,1.08179,1.07602,1.07969,197221.95100000003
24.03.2017 21:00:00.000,1.07969,1.07969,1.07969,1.07969,0
25.03.2017 21:00:00.000,1.07969,1.07969,1.07969,1.07969,0
26.03.2017 21:00:00.000,1.08350,1.09058,1.08264,1.08638,192228.5918
27.03.2017 21:00:00.000,1.08640,1.08725,1.07988,1.08125,166485.891
28.03.2017 21:00:00.000,1.08114,1.08264,1.07398,1.07655,178126.7309
29.03.2017 21:00:00.000,1.07654,1.07696,1.06718,1.06744,162582.93869999997
30.03.2017 21:00:00.000,1.06743,1.07018,1.06508,1.06528,191398.85989999998
31.03.2017 21:00:00.000,1.06528,1.06528,1.06528,1.06528,0
01.04.2017 21:00:00.000,1.06528,1.06528,1.06528,1.06528,0
02.04.2017 21:00:00.000,1.06594,1.06809,1.06423,1.06691,173710.2
03.04.2017 21:00:00.000,1.06688,1.06770,1.06355,1.06729,163350.73119999995
04.04.2017 21:00:00.000,1.06729,1.06889,1.06349,1.06627,194679.1302
05.04.2017 21:00:00.000,1.06625,1.06840,1.06289,1.06438,182825.11819999997
06.04.2017 21:00:00.000,1.06438,1.06659,1.05806,1.05889,204616.2789
07.04.2017 21:00:00.000,1.05889,1.05889,1.05889,1.05889,0
08.04.2017 21:00:00.000,1.05889,1.05889,1.05889,1.05889,0
09.04.2017 21:00:00.000,1.05866,1.06064,1.05698,1.05957,146447.4108
10.04.2017 21:00:00.000,1.05954,1.06299,1.05785,1.06042,158185.9383
11.04.2017 21:00:00.000,1.06042,1.06751,1.05890,1.06651,181575.12170000002
12.04.2017 21:00:00.000,1.06651,1.06775,1.06094,1.06131,165645.70050000004
13.04.2017 21:00:00.000,1.06131,1.06294,1.06060,1.06105,61636.629799999995
14.04.2017 21:00:00.000,1.06105,1.06105,1.06105,1.06105,0
15.04.2017 21:00:00.000,1.06105,1.06105,1.06105,1.06105,0
16.04.2017 21:00:00.000,1.06129,1.06703,1.06028,1.06424,107587.67999999998
17.04.2017 21:00:00.000,1.06418,1.07359,1.06372,1.07296,189044.2294
18.04.2017 21:00:00.000,1.07296,1.07367,1.06998,1.07101,156784.9089
19.04.2017 21:00:00.000,1.07092,1.07775,1.07086,1.07165,163100.9222
20.04.2017 21:00:00.000,1.07164,1.07379,1.06822,1.07237,154282.48189999998
21.04.2017 21:00:00.000,1.07237,1.07237,1.07237,1.07237,0
22.04.2017 21:00:00.000,1.07237,1.07237,1.07237,1.07237,0
23.04.2017 21:00:00.000,1.09164,1.09164,1.08207,1.08672,217866.19210000001
24.04.2017 21:00:00.000,1.08672,1.09499,1.08512,1.09258,179273.82080000004
25.04.2017 21:00:00.000,1.09247,1.09507,1.08557,1.09037,201855.34970000002
26.04.2017 21:00:00.000,1.09037,1.09327,1.08517,1.08718,179525.1195
27.04.2017 21:00:00.000,1.08716,1.09474,1.08571,1.08961,170711.07800000004
28.04.2017 21:00:00.000,1.08961,1.08961,1.08961,1.08961,0
29.04.2017 21:00:00.000,1.08961,1.08961,1.08961,1.08961,0
30.04.2017 21:00:00.000,1.09099,1.09239,1.08840,1.08982,84550.53020000001
01.05.2017 21:00:00.000,1.08985,1.09330,1.08881,1.09293,134849.4901
02.05.2017 21:00:00.000,1.09294,1.09367,1.08827,1.08856,152766.1502
03.05.2017 21:00:00.000,1.08845,1.09870,1.08749,1.09845,186126.57829999994
04.05.2017 21:00:00.000,1.09843,1.09995,1.09494,1.09950,166609.76919999998
05.05.2017 21:00:00.000,1.09950,1.09950,1.09950,1.09950,0
06.05.2017 21:00:00.000,1.09950,1.09950,1.09950,1.09950,0
07.05.2017 21:00:00.000,1.10188,1.10216,1.09164,1.09235,185944.56
08.05.2017 21:00:00.000,1.09237,1.09333,1.08633,1.08730,175490.73799999998
09.05.2017 21:00:00.000,1.08729,1.08980,1.08532,1.08673,159573.0198
10.05.2017 21:00:00.000,1.08672,1.08929,1.08390,1.08612,143313.2888
11.05.2017 21:00:00.000,1.08612,1.09342,1.08556,1.09310,153079.36050000004
12.05.2017 21:00:00.000,1.09310,1.09310,1.09310,1.09310,0
13.05.2017 21:00:00.000,1.09310,1.09310,1.09310,1.09310,0
14.05.2017 21:00:00.000,1.09288,1.09893,1.09225,1.09749,141905.8898
15.05.2017 21:00:00.000,1.09748,1.10971,1.09731,1.10826,166758.2496
16.05.2017 21:00:00.000,1.10824,1.11620,1.10794,1.11584,213770.8618
17.05.2017 21:00:00.000,1.11584,1.11719,1.10757,1.11028,258961.56880000004
18.05.2017 21:00:00.000,1.11026,1.12117,1.10968,1.12065,213159.79909999995
19.05.2017 21:00:00.000,1.12065,1.12065,1.12065,1.12065,0
20.05.2017 21:00:00.000,1.12065,1.12065,1.12065,1.12065,0
21.05.2017 21:00:00.000,1.11917,1.12634,1.11614,1.12372,204314.0706
22.05.2017 21:00:00.000,1.12372,1.12682,1.11750,1.11826,239523.55229999995
23.05.2017 21:00:00.000,1.11822,1.12199,1.11685,1.12185,229263.07210000002
24.05.2017 21:00:00.000,1.12182,1.12503,1.11937,1.12102,196428.57089999996
25.05.2017 21:00:00.000,1.12101,1.12346,1.11605,1.11799,192234.75000000003
26.05.2017 21:00:00.000,1.11799,1.11799,1.11799,1.11799,0
27.05.2017 21:00:00.000,1.11799,1.11799,1.11799,1.11799,0
28.05.2017 21:00:00.000,1.11701,1.11898,1.11618,1.11624,110771.70980000001
29.05.2017 21:00:00.000,1.11623,1.12054,1.11094,1.11856,191153.8295
30.05.2017 21:00:00.000,1.11854,1.12521,1.11645,1.12431,187343.1204
31.05.2017 21:00:00.000,1.12430,1.12566,1.12021,1.12122,167623.9205
01.06.2017 21:00:00.000,1.12124,1.12850,1.12049,1.12825,163181.93870000003
02.06.2017 21:00:00.000,1.12825,1.12825,1.12825,1.12825,0
03.06.2017 21:00:00.000,1.12825,1.12825,1.12825,1.12825,0
04.06.2017 21:00:00.000,1.12703,1.12837,1.12342,1.12541,120962.4694
05.06.2017 21:00:00.000,1.12543,1.12842,1.12404,1.12771,165966.35889999996
06.06.2017 21:00:00.000,1.12771,1.12823,1.12039,1.12554,187782.9916
07.06.2017 21:00:00.000,1.12552,1.12690,1.11947,1.12122,193583.46190000002
08.06.2017 21:00:00.000,1.12123,1.12366,1.11663,1.11941,218531.94090000002
09.06.2017 21:00:00.000,1.11941,1.11941,1.11941,1.11941,0
10.06.2017 21:00:00.000,1.11941,1.11941,1.11941,1.11941,0
11.06.2017 21:00:00.000,1.12061,1.12321,1.11918,1.12029,162694.96949999998
12.06.2017 21:00:00.000,1.12033,1.12249,1.11852,1.12107,156711.96060000002
13.06.2017 21:00:00.000,1.12106,1.12958,1.11930,1.12170,220978.70070000004
14.06.2017 21:00:00.000,1.12173,1.12285,1.11321,1.11450,215508.4896
15.06.2017 21:00:00.000,1.11450,1.12016,1.11384,1.11968,183133.72050000002
16.06.2017 21:00:00.000,1.11968,1.11968,1.11968,1.11968,0
17.06.2017 21:00:00.000,1.11968,1.11968,1.11968,1.11968,0
18.06.2017 21:00:00.000,1.12053,1.12128,1.11431,1.11483,184147.9617
19.06.2017 21:00:00.000,1.11480,1.11648,1.11188,1.11336,226580.77860000005
20.06.2017 21:00:00.000,1.11335,1.11690,1.11272,1.11680,199229.69970000003
21.06.2017 21:00:00.000,1.11681,1.11779,1.11392,1.11516,196403.3307
22.06.2017 21:00:00.000,1.11511,1.12089,1.11452,1.11918,173203.05979999996
23.06.2017 21:00:00.000,1.11918,1.11918,1.11918,1.11918,0
24.06.2017 21:00:00.000,1.11918,1.11918,1.11918,1.11918,0
25.06.2017 21:00:00.000,1.11963,1.12198,1.11717,1.11815,181698.96899999998
26.06.2017 21:00:00.000,1.11822,1.13494,1.11788,1.13385,248870.1806
27.06.2017 21:00:00.000,1.13384,1.13906,1.12917,1.13775,259588.16840000005
28.06.2017 21:00:00.000,1.13775,1.14455,1.13744,1.14402,243525.8267
29.06.2017 21:00:00.000,1.14400,1.14452,1.13921,1.14251,219235.158
30.06.2017 21:00:00.000,1.14251,1.14251,1.14251,1.14251,0
01.07.2017 21:00:00.000,1.14251,1.14251,1.14251,1.14251,0
02.07.2017 21:00:00.000,1.14175,1.14266,1.13550,1.13641,171361.23040000006
03.07.2017 21:00:00.000,1.13638,1.13769,1.13359,1.13427,156516.9506
04.07.2017 21:00:00.000,1.13413,1.13685,1.13123,1.13513,208179.83150000003
05.07.2017 21:00:00.000,1.13512,1.14247,1.13299,1.14229,201796.17989999996
06.07.2017 21:00:00.000,1.14221,1.14398,1.13796,1.13996,202669.04060000004
07.07.2017 21:00:00.000,1.13996,1.13996,1.13996,1.13996,0
08.07.2017 21:00:00.000,1.13996,1.13996,1.13996,1.13996,0
09.07.2017 21:00:00.000,1.13966,1.14180,1.13817,1.13991,159092.61909999998
10.07.2017 21:00:00.000,1.13992,1.14797,1.13828,1.14674,188241.0699
11.07.2017 21:00:00.000,1.14674,1.14893,1.13916,1.14116,224399.22939999998
12.07.2017 21:00:00.000,1.14115,1.14558,1.13705,1.13973,208988.36939999997
13.07.2017 21:00:00.000,1.13973,1.14719,1.13914,1.14685,204864.5001
14.07.2017 21:00:00.000,1.14685,1.14685,1.14685,1.14685,0
15.07.2017 21:00:00.000,1.14685,1.14685,1.14685,1.14685,0
16.07.2017 21:00:00.000,1.14700,1.14870,1.14348,1.14780,192010.0292
17.07.2017 21:00:00.000,1.14783,1.15831,1.14714,1.15538,248509.10819999996
18.07.2017 21:00:00.000,1.15537,1.15561,1.15099,1.15142,201411.52799999996
19.07.2017 21:00:00.000,1.15144,1.16580,1.14792,1.16304,273654.9913
20.07.2017 21:00:00.000,1.16286,1.16828,1.16190,1.16622,235835.16989999995
21.07.2017 21:00:00.000,1.16622,1.16622,1.16622,1.16622,0
22.07.2017 21:00:00.000,1.16622,1.16622,1.16622,1.16622,0
23.07.2017 21:00:00.000,1.16635,1.16842,1.16259,1.16413,201706.6101
24.07.2017 21:00:00.000,1.16407,1.17121,1.16308,1.16467,224999.07109999994
25.07.2017 21:00:00.000,1.16464,1.17399,1.16125,1.17332,251952.4796
26.07.2017 21:00:00.000,1.17330,1.17767,1.16501,1.16753,268704.6989
27.07.2017 21:00:00.000,1.16752,1.17639,1.16711,1.17478,249151.51270000002
28.07.2017 21:00:00.000,1.17478,1.17478,1.17478,1.17478,0
29.07.2017 21:00:00.000,1.17478,1.17478,1.17478,1.17478,0
30.07.2017 21:00:00.000,1.17456,1.18454,1.17231,1.18414,233045.32150000005
31.07.2017 21:00:00.000,1.18414,1.18443,1.17852,1.18014,233868.92069999996
01.08.2017 21:00:00.000,1.18014,1.19100,1.17937,1.18555,236360.21980000005
02.08.2017 21:00:00.000,1.18555,1.18930,1.18305,1.18690,221044.269
03.08.2017 21:00:00.000,1.18688,1.18891,1.17281,1.17730,229173.47019999998
04.08.2017 21:00:00.000,1.17730,1.17730,1.17730,1.17730,0
05.08.2017 21:00:00.000,1.17730,1.17730,1.17730,1.17730,0
06.08.2017 21:00:00.000,1.17734,1.18140,1.17706,1.17951,182286.73920000004
07.08.2017 21:00:00.000,1.17952,1.18238,1.17151,1.17509,206148.7998
08.08.2017 21:00:00.000,1.17509,1.17639,1.16891,1.17586,278939.0496
09.08.2017 21:00:00.000,1.17583,1.17851,1.17041,1.17714,222504.4696
10.08.2017 21:00:00.000,1.17715,1.18472,1.17485,1.18199,225617.3908
11.08.2017 21:00:00.000,1.18199,1.18199,1.18199,1.18199,0
12.08.2017 21:00:00.000,1.18199,1.18199,1.18199,1.18199,0
13.08.2017 21:00:00.000,1.18200,1.18382,1.17699,1.17786,202475.21839999998
14.08.2017 21:00:00.000,1.17786,1.17928,1.16872,1.17344,217747.8612
15.08.2017 21:00:00.000,1.17344,1.17786,1.16816,1.17665,252191.71069999997
16.08.2017 21:00:00.000,1.17665,1.17899,1.16622,1.17226,246032.71110000001
17.08.2017 21:00:00.000,1.17226,1.17743,1.17083,1.17591,237846.3388
18.08.2017 21:00:00.000,1.17591,1.17591,1.17591,1.17591,0
19.08.2017 21:00:00.000,1.17591,1.17591,1.17591,1.17591,0
20.08.2017 21:00:00.000,1.17578,1.18280,1.17311,1.18145,177731.299
21.08.2017 21:00:00.000,1.18147,1.18241,1.17451,1.17612,196261.66
22.08.2017 21:00:00.000,1.17611,1.18232,1.17403,1.18066,196662.17990000002
23.08.2017 21:00:00.000,1.18065,1.18178,1.17841,1.17990,221579.16789999997
24.08.2017 21:00:00.000,1.17990,1.19414,1.17733,1.19219,238328.41809999998
25.08.2017 21:00:00.000,1.19219,1.19219,1.19219,1.19219,0
26.08.2017 21:00:00.000,1.19219,1.19219,1.19219,1.19219,0
27.08.2017 21:00:00.000,1.19431,1.19836,1.19168,1.19784,199006.35030000002
28.08.2017 21:00:00.000,1.19786,1.20701,1.19465,1.19717,288901.7291
29.08.2017 21:00:00.000,1.19717,1.19843,1.18804,1.18832,248066.44139999998
30.08.2017 21:00:00.000,1.18833,1.19126,1.18231,1.19093,252407.72800000006
31.08.2017 21:00:00.000,1.19090,1.19798,1.18499,1.18597,238704.54100000003
01.09.2017 21:00:00.000,1.18597,1.18597,1.18597,1.18597,0
02.09.2017 21:00:00.000,1.18597,1.18597,1.18597,1.18597,0
03.09.2017 21:00:00.000,1.18815,1.19218,1.18738,1.18965,185648.49020000003
04.09.2017 21:00:00.000,1.18965,1.19406,1.18682,1.19135,246729.8508
05.09.2017 21:00:00.000,1.19136,1.19499,1.19028,1.19166,242826.87780000002
06.09.2017 21:00:00.000,1.19164,1.20592,1.19140,1.20226,265305.8105
07.09.2017 21:00:00.000,1.20216,1.20923,1.20146,1.20347,256616.41069999998
08.09.2017 21:00:00.000,1.20347,1.20347,1.20347,1.20347,0
09.09.2017 21:00:00.000,1.20347,1.20347,1.20347,1.20347,0
10.09.2017 21:00:00.000,1.20138,1.20295,1.19476,1.19522,218745.101
11.09.2017 21:00:00.000,1.19520,1.19780,1.19262,1.19662,218851.8097
12.09.2017 21:00:00.000,1.19658,1.19947,1.18730,1.18848,221979.68950000007
13.09.2017 21:00:00.000,1.18848,1.19220,1.18380,1.19186,237255.9403
14.09.2017 21:00:00.000,1.19184,1.19873,1.19011,1.19447,233111.47729999997
15.09.2017 21:00:00.000,1.19447,1.19447,1.19447,1.19447,0
16.09.2017 21:00:00.000,1.19447,1.19447,1.19447,1.19447,0
17.09.2017 21:00:00.000,1.19196,1.19692,1.19150,1.19535,217859.1883
18.09.2017 21:00:00.000,1.19520,1.20064,1.19499,1.19940,237008.02990000002
19.09.2017 21:00:00.000,1.19939,1.20342,1.18613,1.18924,450904.06609999994
20.09.2017 21:00:00.000,1.18923,1.19535,1.18656,1.19408,604070.9286999998
21.09.2017 21:00:00.000,1.19409,1.20044,1.19369,1.19466,235897.84119999997
22.09.2017 21:00:00.000,1.19466,1.19466,1.19466,1.19466,0
23.09.2017 21:00:00.000,1.19466,1.19466,1.19466,1.19466,0
24.09.2017 21:00:00.000,1.18947,1.19365,1.18319,1.18476,231174.11870000002
25.09.2017 21:00:00.000,1.18476,1.18615,1.17574,1.17925,238704.08670000004
26.09.2017 21:00:00.000,1.17928,1.17950,1.17171,1.17446,248140.18069999997
27.09.2017 21:00:00.000,1.17446,1.18040,1.17212,1.17855,255244.8299
28.09.2017 21:00:00.000,1.17862,1.18325,1.17726,1.18137,207571.03090000004
29.09.2017 21:00:00.000,1.18137,1.18137,1.18137,1.18137,0
30.09.2017 21:00:00.000,1.18137,1.18137,1.18137,1.18137,0
01.10.2017 21:00:00.000,1.17886,1.18151,1.17301,1.17324,214289.1226
02.10.2017 21:00:00.000,1.17324,1.17732,1.16961,1.17432,204014.37039999999
03.10.2017 21:00:00.000,1.17431,1.17877,1.17350,1.17587,208955.3102
04.10.2017 21:00:00.000,1.17590,1.17787,1.16990,1.17105,192465.4504
05.10.2017 21:00:00.000,1.17113,1.17387,1.16692,1.17299,225042.98940000005
06.10.2017 21:00:00.000,1.17299,1.17299,1.17299,1.17299,0
07.10.2017 21:00:00.000,1.17299,1.17299,1.17299,1.17299,0
08.10.2017 21:00:00.000,1.17271,1.17561,1.17195,1.17401,145592.1416
09.10.2017 21:00:00.000,1.17403,1.18254,1.17392,1.18076,211263.8301
10.10.2017 21:00:00.000,1.18074,1.18690,1.17952,1.18580,214006.19019999998
11.10.2017 21:00:00.000,1.18567,1.18797,1.18269,1.18294,208884.99020000003
12.10.2017 21:00:00.000,1.18292,1.18748,1.18053,1.18191,209661.59029999998
13.10.2017 21:00:00.000,1.18191,1.18191,1.18191,1.18191,0
14.10.2017 21:00:00.000,1.18191,1.18191,1.18191,1.18191,0
15.10.2017 21:00:00.000,1.18107,1.18196,1.17805,1.17956,187752.5379
16.10.2017 21:00:00.000,1.17958,1.18000,1.17361,1.17658,197027.3888
17.10.2017 21:00:00.000,1.17660,1.18053,1.17302,1.17870,196906.3391
18.10.2017 21:00:00.000,1.17872,1.18579,1.17679,1.18518,220447.03160000002
19.10.2017 21:00:00.000,1.18518,1.18579,1.17624,1.17817,225334.0893
20.10.2017 21:00:00.000,1.17817,1.17817,1.17817,1.17817,0
21.10.2017 21:00:00.000,1.17817,1.17817,1.17817,1.17817,0
22.10.2017 21:00:00.000,1.17641,1.17774,1.17250,1.17485,185552.2808
23.10.2017 21:00:00.000,1.17486,1.17927,1.17428,1.17609,190697.99010000002
24.10.2017 21:00:00.000,1.17605,1.18176,1.17530,1.18125,218957.55010000002
25.10.2017 21:00:00.000,1.18126,1.18367,1.16404,1.16503,217337.25239999997
26.10.2017 21:00:00.000,1.16505,1.16571,1.15741,1.16083,224109.94910000003
27.10.2017 21:00:00.000,1.16083,1.16083,1.16083,1.16083,0
28.10.2017 21:00:00.000,1.16083,1.16083,1.16083,1.16083,0
29.10.2017 21:00:00.000,1.16067,1.16579,1.15937,1.16505,188326.06199999998
30.10.2017 21:00:00.000,1.16503,1.16613,1.16248,1.16454,170208.421
31.10.2017 21:00:00.000,1.16453,1.16570,1.16064,1.16183,193841.91039999996
01.11.2017 21:00:00.000,1.16178,1.16873,1.16130,1.16579,224906.6902
02.11.2017 21:00:00.000,1.16578,1.16904,1.15991,1.16060,178881.42899999997
03.11.2017 21:00:00.000,1.16060,1.16060,1.16060,1.16060,0
04.11.2017 21:00:00.000,1.16060,1.16060,1.16060,1.16060,0
05.11.2017 22:00:00.000,1.16155,1.16240,1.15802,1.16093,182934.12869999997
06.11.2017 22:00:00.000,1.16091,1.16154,1.15539,1.15857,194770.49910000002
07.11.2017 22:00:00.000,1.15859,1.16111,1.15792,1.15943,171613.10129999998
08.11.2017 22:00:00.000,1.15942,1.16548,1.15856,1.16412,214333.85860000004
09.11.2017 22:00:00.000,1.16410,1.16778,1.16227,1.16638,174160.8617
10.11.2017 22:00:00.000,1.16638,1.16638,1.16638,1.16638,0
11.11.2017 22:00:00.000,1.16638,1.16638,1.16638,1.16638,0
12.11.2017 22:00:00.000,1.16572,1.16751,1.16373,1.16670,164500.22040000002
13.11.2017 22:00:00.000,1.16666,1.18050,1.16614,1.17975,179264.72919999997
14.11.2017 22:00:00.000,1.17975,1.18604,1.17846,1.17907,210462.549
15.11.2017 22:00:00.000,1.17905,1.18008,1.17569,1.17697,178302.80899999995
16.11.2017 22:00:00.000,1.17694,1.18217,1.17653,1.17879,195281.64759999997
17.11.2017 22:00:00.000,1.17879,1.17879,1.17879,1.17879,0
18.11.2017 22:00:00.000,1.17879,1.17879,1.17879,1.17879,0
19.11.2017 22:00:00.000,1.17857,1.18085,1.17223,1.17328,196810.2307
20.11.2017 22:00:00.000,1.17323,1.17577,1.17128,1.17378,183122.68020000003
21.11.2017 22:00:00.000,1.17378,1.18269,1.17321,1.18215,186995.66010000004
22.11.2017 22:00:00.000,1.18214,1.18559,1.18132,1.18491,149284.3413
23.11.2017 22:00:00.000,1.18491,1.19443,1.18367,1.19286,177315.6904
24.11.2017 22:00:00.000,1.19286,1.19286,1.19286,1.19286,0
25.11.2017 22:00:00.000,1.19286,1.19286,1.19286,1.19286,0
26.11.2017 22:00:00.000,1.19255,1.19611,1.18956,1.18982,194138.4002
27.11.2017 22:00:00.000,1.18977,1.19198,1.18271,1.18387,224292.8817
28.11.2017 22:00:00.000,1.18382,1.18827,1.18167,1.18468,208670.3221
29.11.2017 22:00:00.000,1.18468,1.19315,1.18090,1.19036,228270.422
30.11.2017 22:00:00.000,1.19036,1.19403,1.18508,1.18942,265888.92960000003
01.12.2017 22:00:00.000,1.18942,1.18942,1.18942,1.18942,0
02.12.2017 22:00:00.000,1.18942,1.18942,1.18942,1.18942,0
03.12.2017 22:00:00.000,1.18607,1.18785,1.18291,1.18655,217135.32259999998
04.12.2017 22:00:00.000,1.18655,1.18766,1.18007,1.18259,213431.74039999998
05.12.2017 22:00:00.000,1.18257,1.18480,1.17806,1.17952,209988.18710000004
06.12.2017 22:00:00.000,1.17950,1.18146,1.17718,1.17725,200138.35020000002
07.12.2017 22:00:00.000,1.17727,1.17765,1.17301,1.17720,203828.8197
08.12.2017 22:00:00.000,1.17720,1.17720,1.17720,1.17720,0
09.12.2017 22:00:00.000,1.17720,1.17720,1.17720,1.17720,0
10.12.2017 22:00:00.000,1.17651,1.18117,1.17636,1.17685,189343.82979999998
11.12.2017 22:00:00.000,1.17685,1.17926,1.17174,1.17413,189596.24109999998
12.12.2017 22:00:00.000,1.17412,1.18316,1.17294,1.18256,217896.3204
13.12.2017 22:00:00.000,1.18254,1.18625,1.17707,1.17773,241232.6914
14.12.2017 22:00:00.000,1.17780,1.18123,1.17488,1.17492,210408.47900000002
15.12.2017 22:00:00.000,1.17492,1.17492,1.17492,1.17492,0
16.12.2017 22:00:00.000,1.17492,1.17492,1.17492,1.17492,0
17.12.2017 22:00:00.000,1.17441,1.18342,1.17377,1.17813,200827.44900000002
18.12.2017 22:00:00.000,1.17813,1.18487,1.17764,1.18389,208771.9002
19.12.2017 22:00:00.000,1.18388,1.19017,1.18289,1.18707,195945.22980000003
20.12.2017 22:00:00.000,1.18703,1.18895,1.18493,1.18734,190313.7696
21.12.2017 22:00:00.000,1.18729,1.18754,1.18169,1.18607,185582.31030000004
22.12.2017 22:00:00.000,1.18607,1.18607,1.18607,1.18607,0
23.12.2017 22:00:00.000,1.18607,1.18607,1.18607,1.18607,0
24.12.2017 22:00:00.000,1.18440,1.18766,1.18429,1.18755,4505.85
25.12.2017 22:00:00.000,1.18711,1.18787,1.18465,1.18581,105660.4101
26.12.2017 22:00:00.000,1.18579,1.19102,1.18550,1.18872,176808.20780000003
27.12.2017 22:00:00.000,1.18870,1.19589,1.18865,1.19422,176819.3681
28.12.2017 22:00:00.000,1.19422,1.20254,1.19360,1.19985,178226.3811
29.12.2017 22:00:00.000,1.19985,1.19985,1.19985,1.19985,0
30.12.2017 22:00:00.000,1.19985,1.19985,1.19985,1.19985,0
31.12.2017 22:00:00.000,1.19985,1.19985,1.19985,1.19985,0
01.01.2018 22:00:00.000,1.20102,1.20811,1.20007,1.20583,198808.79999999996
02.01.2018 22:00:00.000,1.20581,1.20662,1.20011,1.20141,194342.53029999998
03.01.2018 22:00:00.000,1.20142,1.20889,1.20044,1.20680,211855.84989999994
04.01.2018 22:00:00.000,1.20679,1.20829,1.20205,1.20304,195569.38960000002
05.01.2018 22:00:00.000,1.20304,1.20304,1.20304,1.20304,0
06.01.2018 22:00:00.000,1.20304,1.20304,1.20304,1.20304,0
07.01.2018 22:00:00.000,1.20265,1.20521,1.19560,1.19666,183816.71930000003
08.01.2018 22:00:00.000,1.19666,1.19755,1.19156,1.19363,205136.19979999997
09.01.2018 22:00:00.000,1.19363,1.20179,1.19231,1.19471,253232.5509
10.01.2018 22:00:00.000,1.19470,1.20589,1.19291,1.20319,245605.88770000002
11.01.2018 22:00:00.000,1.20319,1.22184,1.20308,1.21993,283590.05899999995
12.01.2018 22:00:00.000,1.21993,1.21993,1.21993,1.21993,0
13.01.2018 22:00:00.000,1.21993,1.21993,1.21993,1.21993,0
14.01.2018 22:00:00.000,1.21933,1.22964,1.21876,1.22634,230604.01699999996
15.01.2018 22:00:00.000,1.22634,1.22828,1.21952,1.22601,262606.34070000006
16.01.2018 22:00:00.000,1.22595,1.23231,1.21770,1.21851,287581.6524
17.01.2018 22:00:00.000,1.21846,1.22648,1.21650,1.22377,255791.45949999997
18.01.2018 22:00:00.000,1.22374,1.22953,1.22145,1.22145,260097.33009999996
19.01.2018 22:00:00.000,1.22145,1.22145,1.22145,1.22145,0
20.01.2018 22:00:00.000,1.22145,1.22145,1.22145,1.22145,0
21.01.2018 22:00:00.000,1.22702,1.22726,1.22138,1.22614,234877.4122
22.01.2018 22:00:00.000,1.22612,1.23061,1.22230,1.22982,257569.4894
23.01.2018 22:00:00.000,1.22984,1.24149,1.22920,1.24076,295773.0234
24.01.2018 22:00:00.000,1.24071,1.25373,1.23639,1.23928,365529.2012
25.01.2018 22:00:00.000,1.23928,1.24936,1.23699,1.24283,328133.69360000006
26.01.2018 22:00:00.000,1.24283,1.24283,1.24283,1.24283,0
27.01.2018 22:00:00.000,1.24283,1.24283,1.24283,1.24283,0
28.01.2018 22:00:00.000,1.24232,1.24322,1.23367,1.23823,285601.03809999995
29.01.2018 22:00:00.000,1.23818,1.24538,1.23350,1.24023,300862.02099999995
30.01.2018 22:00:00.000,1.24018,1.24748,1.23868,1.24130,319539.2606
31.01.2018 22:00:00.000,1.24131,1.25229,1.23854,1.25076,300415.11
01.02.2018 22:00:00.000,1.25075,1.25182,1.24092,1.24559,307057.978
02.02.2018 22:00:00.000,1.24559,1.24559,1.24559,1.24559,0
03.02.2018 22:00:00.000,1.24559,1.24559,1.24559,1.24559,0
04.02.2018 22:00:00.000,1.24320,1.24748,1.23626,1.23661,319334.7192
05.02.2018 22:00:00.000,1.23661,1.24343,1.23138,1.23766,418236.2273
06.02.2018 22:00:00.000,1.23766,1.24055,1.22459,1.22626,315413.89040000003
07.02.2018 22:00:00.000,1.22625,1.22948,1.22120,1.22465,368163.4317000001
08.02.2018 22:00:00.000,1.22466,1.22873,1.22054,1.22510,329566.5573000001
09.02.2018 22:00:00.000,1.22510,1.22510,1.22510,1.22510,0
10.02.2018 22:00:00.000,1.22510,1.22510,1.22510,1.22510,0
11.02.2018 22:00:00.000,1.22483,1.22970,1.22350,1.22914,247025.66940000004
12.02.2018 22:00:00.000,1.22914,1.23710,1.22844,1.23503,258899.91839999997
13.02.2018 22:00:00.000,1.23499,1.24651,1.22758,1.24486,297449.7006999999
14.02.2018 22:00:00.000,1.24496,1.25103,1.24478,1.25058,291403.2419
15.02.2018 22:00:00.000,1.25056,1.25553,1.23931,1.24041,293713.3609
16.02.2018 22:00:00.000,1.24041,1.24041,1.24041,1.24041,0
17.02.2018 22:00:00.000,1.24041,1.24041,1.24041,1.24041,0
18.02.2018 22:00:00.000,1.24015,1.24349,1.23690,1.24065,192882.11149999997
19.02.2018 22:00:00.000,1.24064,1.24122,1.23199,1.23373,268056.52989999996
20.02.2018 22:00:00.000,1.23376,1.23598,1.22810,1.22829,279873.198
21.02.2018 22:00:00.000,1.22828,1.23520,1.22597,1.23305,260461.89020000002
22.02.2018 22:00:00.000,1.23301,1.23372,1.22798,1.22937,228000.5805
23.02.2018 22:00:00.000,1.22937,1.22937,1.22937,1.22937,0
24.02.2018 22:00:00.000,1.22937,1.22937,1.22937,1.22937,0
25.02.2018 22:00:00.000,1.22928,1.23550,1.22776,1.23169,224107.59869999997
26.02.2018 22:00:00.000,1.23169,1.23462,1.22216,1.22328,251054.5797
27.02.2018 22:00:00.000,1.22330,1.22412,1.21878,1.21939,254222.8935
28.02.2018 22:00:00.000,1.21936,1.22730,1.21546,1.22671,282202.7812
01.03.2018 22:00:00.000,1.22658,1.23358,1.22514,1.23186,271708.3387
02.03.2018 22:00:00.000,1.23186,1.23186,1.23186,1.23186,0
03.03.2018 22:00:00.000,1.23186,1.23186,1.23186,1.23186,0
04.03.2018 22:00:00.000,1.23248,1.23641,1.22688,1.23356,257986.36309999996
05.03.2018 22:00:00.000,1.23356,1.24199,1.23281,1.24038,241647.6689
06.03.2018 22:00:00.000,1.24037,1.24450,1.23847,1.24110,277552.77210000006
07.03.2018 22:00:00.000,1.24108,1.24460,1.22979,1.23104,268528.3778
08.03.2018 22:00:00.000,1.23103,1.23342,1.22730,1.23041,273617.8304
09.03.2018 22:00:00.000,1.23041,1.23041,1.23041,1.23041,0
10.03.2018 22:00:00.000,1.23041,1.23041,1.23041,1.23041,0
11.03.2018 21:00:00.000,1.23094,1.23455,1.22903,1.23339,203862.38859999998
12.03.2018 21:00:00.000,1.23332,1.24074,1.23145,1.23894,250371.68899999998
13.03.2018 21:00:00.000,1.23893,1.24125,1.23471,1.23673,221516.8583
14.03.2018 21:00:00.000,1.23671,1.23836,1.23001,1.23043,223777.1402
15.03.2018 21:00:00.000,1.23039,1.23360,1.22602,1.22889,205774.32
16.03.2018 21:00:00.000,1.22889,1.22889,1.22889,1.22889,0
17.03.2018 21:00:00.000,1.22889,1.22889,1.22889,1.22889,0
18.03.2018 21:00:00.000,1.22817,1.23586,1.22579,1.23348,225497.53100000005
19.03.2018 21:00:00.000,1.23348,1.23545,1.22399,1.22413,240882.97780000002
20.03.2018 21:00:00.000,1.22412,1.23499,1.22402,1.23378,259550.74250000002
21.03.2018 21:00:00.000,1.23376,1.23884,1.22855,1.23017,275440.54839999997
22.03.2018 21:00:00.000,1.23017,1.23733,1.23001,1.23522,272722.4627
23.03.2018 21:00:00.000,1.23522,1.23522,1.23522,1.23522,0
24.03.2018 21:00:00.000,1.23522,1.23522,1.23522,1.23522,0
25.03.2018 21:00:00.000,1.23470,1.24615,1.23470,1.24436,262932.03130000003
26.03.2018 21:00:00.000,1.24433,1.24765,1.23723,1.24022,309942.2436
27.03.2018 21:00:00.000,1.24018,1.24215,1.23001,1.23085,270899.34939999995
28.03.2018 21:00:00.000,1.23081,1.23352,1.22838,1.23002,242843.45910000004
29.03.2018 21:00:00.000,1.23003,1.23305,1.22898,1.23200,88298.78080000001
30.03.2018 21:00:00.000,1.23200,1.23200,1.23200,1.23200,0
31.03.2018 21:00:00.000,1.23200,1.23200,1.23200,1.23200,0
01.04.2018 21:00:00.000,1.23199,1.23449,1.22820,1.23010,155254.97030000002
02.04.2018 21:00:00.000,1.23008,1.23352,1.22537,1.22705,229677.85969999997
03.04.2018 21:00:00.000,1.22704,1.23145,1.22570,1.22776,232663.17780000003
04.04.2018 21:00:00.000,1.22772,1.22901,1.22182,1.22397,220284.8105
05.04.2018 21:00:00.000,1.22398,1.22907,1.22151,1.22792,281545.3408
06.04.2018 21:00:00.000,1.22792,1.22792,1.22792,1.22792,0
07.04.2018 21:00:00.000,1.22792,1.22792,1.22792,1.22792,0
08.04.2018 21:00:00.000,1.22824,1.23308,1.22602,1.23204,246009.07050000003
09.04.2018 21:00:00.000,1.23205,1.23776,1.23027,1.23555,267100.7223
10.04.2018 21:00:00.000,1.23554,1.23964,1.23470,1.23666,300660.539
11.04.2018 21:00:00.000,1.23664,1.23797,1.22993,1.23264,247859.81199999998
12.04.2018 21:00:00.000,1.23263,1.23458,1.23070,1.23282,214128.26940000002
13.04.2018 21:00:00.000,1.23282,1.23282,1.23282,1.23282,0
14.04.2018 21:00:00.000,1.23282,1.23282,1.23282,1.23282,0
15.04.2018 21:00:00.000,1.23278,1.23945,1.23231,1.23791,212940.23060000004
16.04.2018 21:00:00.000,1.23783,1.24136,1.23362,1.23696,219950.9511
17.04.2018 21:00:00.000,1.23693,1.23971,1.23418,1.23736,231138.6471
18.04.2018 21:00:00.000,1.23737,1.24001,1.23290,1.23453,239786.4208
19.04.2018 21:00:00.000,1.23451,1.23529,1.22499,1.22846,214532.97849999997
20.04.2018 21:00:00.000,1.22846,1.22846,1.22846,1.22846,0
21.04.2018 21:00:00.000,1.22846,1.22846,1.22846,1.22846,0
22.04.2018 21:00:00.000,1.22699,1.22894,1.21977,1.22084,246332.48290000006
23.04.2018 21:00:00.000,1.22082,1.22448,1.21817,1.22320,225331.82100000003
24.04.2018 21:00:00.000,1.22318,1.22387,1.21600,1.21605,228122.31929999997
25.04.2018 21:00:00.000,1.21608,1.22099,1.20962,1.21032,257883.30140000003
26.04.2018 21:00:00.000,1.21029,1.21327,1.20556,1.21291,217680.3775
27.04.2018 21:00:00.000,1.21291,1.21291,1.21291,1.21291,0
28.04.2018 21:00:00.000,1.21291,1.21291,1.21291,1.21291,0
29.04.2018 21:00:00.000,1.21224,1.21386,1.20643,1.20777,227843.2019
30.04.2018 21:00:00.000,1.20768,1.20841,1.19814,1.19924,211783.55890000003
01.05.2018 21:00:00.000,1.19922,1.20316,1.19378,1.19504,272013.0197
02.05.2018 21:00:00.000,1.19504,1.20087,1.19475,1.19881,261495.65899999996
03.05.2018 21:00:00.000,1.19877,1.19954,1.19107,1.19550,216510.90980000002
04.05.2018 21:00:00.000,1.19550,1.19550,1.19550,1.19550,0
05.05.2018 21:00:00.000,1.19550,1.19550,1.19550,1.19550,0
06.05.2018 21:00:00.000,1.19557,1.19779,1.18975,1.19220,198837.611
07.05.2018 21:00:00.000,1.19215,1.19387,1.18380,1.18641,239208.0784
08.05.2018 21:00:00.000,1.18638,1.18969,1.18227,1.18502,237140.95110000003
09.05.2018 21:00:00.000,1.18502,1.19463,1.18429,1.19149,263117.81
10.05.2018 21:00:00.000,1.19151,1.19678,1.18911,1.19395,227224.9679
11.05.2018 21:00:00.000,1.19395,1.19395,1.19395,1.19395,0
12.05.2018 21:00:00.000,1.19395,1.19395,1.19395,1.19395,0
13.05.2018 21:00:00.000,1.19385,1.19959,1.19260,1.19261,246080.15989999997
14.05.2018 21:00:00.000,1.19261,1.19384,1.18202,1.18376,255883.4267
15.05.2018 21:00:00.000,1.18376,1.18541,1.17635,1.18068,282766.46650000004
16.05.2018 21:00:00.000,1.18067,1.18373,1.17765,1.17936,296198.6123
17.05.2018 21:00:00.000,1.17931,1.18221,1.17498,1.17689,238232.978
18.05.2018 21:00:00.000,1.17689,1.17689,1.17689,1.17689,0
19.05.2018 21:00:00.000,1.17689,1.17689,1.17689,1.17689,0
20.05.2018 21:00:00.000,1.17684,1.17954,1.17165,1.17912,230601.14990000002
21.05.2018 21:00:00.000,1.17910,1.18296,1.17567,1.17784,255964.2466
22.05.2018 21:00:00.000,1.17784,1.17895,1.16758,1.16952,305672.24269999994
23.05.2018 21:00:00.000,1.16954,1.17501,1.16906,1.17192,290029.1109000001
24.05.2018 21:00:00.000,1.17192,1.17335,1.16455,1.16478,266393.5403
25.05.2018 21:00:00.000,1.16478,1.16478,1.16478,1.16478,0
26.05.2018 21:00:00.000,1.16478,1.16478,1.16478,1.16478,0
27.05.2018 21:00:00.000,1.16862,1.17283,1.16073,1.16242,214628.8891
28.05.2018 21:00:00.000,1.16241,1.16394,1.15099,1.15395,328310.0525
29.05.2018 21:00:00.000,1.15389,1.16759,1.15186,1.16635,320700.17970000004
30.05.2018 21:00:00.000,1.16623,1.17243,1.16410,1.16918,286669.08640000003
31.05.2018 21:00:00.000,1.16917,1.17178,1.16170,1.16584,273953.51149999996
01.06.2018 21:00:00.000,1.16584,1.16584,1.16584,1.16584,0
02.06.2018 21:00:00.000,1.16584,1.16584,1.16584,1.16584,0
03.06.2018 21:00:00.000,1.16561,1.17444,1.16561,1.16982,239618.90130000003
04.06.2018 21:00:00.000,1.16984,1.17320,1.16525,1.17173,255866.19080000007
05.06.2018 21:00:00.000,1.17173,1.17956,1.17120,1.17735,245203.36159999995
06.06.2018 21:00:00.000,1.17734,1.18398,1.17726,1.17988,248803.91139999998
07.06.2018 21:00:00.000,1.17980,1.18103,1.17271,1.17666,245259.3996
08.06.2018 21:00:00.000,1.17666,1.17666,1.17666,1.17666,0
09.06.2018 21:00:00.000,1.17666,1.17666,1.17666,1.17666,0
10.06.2018 21:00:00.000,1.17736,1.18205,1.17710,1.17833,203472.9682
11.06.2018 21:00:00.000,1.17833,1.18088,1.17334,1.17446,238225.52969999998
12.06.2018 21:00:00.000,1.17448,1.18008,1.17254,1.17911,236138.9699
13.06.2018 21:00:00.000,1.17910,1.18516,1.15628,1.15679,288349.4708
14.06.2018 21:00:00.000,1.15679,1.16269,1.15432,1.16059,263628.5311
15.06.2018 21:00:00.000,1.16059,1.16059,1.16059,1.16059,0
16.06.2018 21:00:00.000,1.16059,1.16059,1.16059,1.16059,0
17.06.2018 21:00:00.000,1.15874,1.16242,1.15653,1.16221,210411.82130000004
18.06.2018 21:00:00.000,1.16224,1.16445,1.15307,1.15883,279270.84760000004
19.06.2018 21:00:00.000,1.15886,1.15999,1.15365,1.15708,244902.12980000002
20.06.2018 21:00:00.000,1.15701,1.16334,1.15082,1.16032,286035.8808000001
21.06.2018 21:00:00.000,1.16023,1.16749,1.15984,1.16561,265364.8906
22.06.2018 21:00:00.000,1.16561,1.16561,1.16561,1.16561,0
23.06.2018 21:00:00.000,1.16561,1.16561,1.16561,1.16561,0
24.06.2018 21:00:00.000,1.16622,1.17130,1.16286,1.17034,266058.59010000003
25.06.2018 21:00:00.000,1.17033,1.17203,1.16348,1.16466,285147.0025
26.06.2018 21:00:00.000,1.16459,1.16720,1.15407,1.15531,326168.0004
27.06.2018 21:00:00.000,1.15534,1.16005,1.15271,1.15684,294729.00880000007
28.06.2018 21:00:00.000,1.15681,1.16902,1.15582,1.16847,298613.9979000001
29.06.2018 21:00:00.000,1.16847,1.16847,1.16847,1.16847,0
30.06.2018 21:00:00.000,1.16847,1.16847,1.16847,1.16847,0
01.07.2018 21:00:00.000,1.16747,1.16900,1.15911,1.16391,248064.3204
02.07.2018 21:00:00.000,1.16390,1.16731,1.16204,1.16568,247446.33959999998
03.07.2018 21:00:00.000,1.16569,1.16817,1.16305,1.16556,196820.78180000003
04.07.2018 21:00:00.000,1.16554,1.17201,1.16500,1.16903,267188.1484
05.07.2018 21:00:00.000,1.16901,1.17676,1.16800,1.17444,239968.6795
06.07.2018 21:00:00.000,1.17444,1.17444,1.17444,1.17444,0
07.07.2018 21:00:00.000,1.17444,1.17444,1.17444,1.17444,0
08.07.2018 21:00:00.000,1.17392,1.17906,1.17326,1.17503,241192.4117
09.07.2018 21:00:00.000,1.17502,1.17624,1.16901,1.17441,232108.2209
10.07.2018 21:00:00.000,1.17440,1.17580,1.16653,1.16726,285086.562
11.07.2018 21:00:00.000,1.16728,1.16955,1.16497,1.16707,246941.84769999995
12.07.2018 21:00:00.000,1.16705,1.16868,1.16129,1.16843,241987.86729999995
13.07.2018 21:00:00.000,1.16843,1.16843,1.16843,1.16843,0
14.07.2018 21:00:00.000,1.16843,1.16843,1.16843,1.16843,0
15.07.2018 21:00:00.000,1.16896,1.17253,1.16756,1.17109,232946.5822
16.07.2018 21:00:00.000,1.17108,1.17446,1.16496,1.16607,264776.4093
17.07.2018 21:00:00.000,1.16608,1.16648,1.16019,1.16381,257692.0992
18.07.2018 21:00:00.000,1.16381,1.16785,1.15748,1.16412,311181.36970000004
19.07.2018 21:00:00.000,1.16407,1.17387,1.16262,1.17196,320207.59189999994
20.07.2018 21:00:00.000,1.17196,1.17196,1.17196,1.17196,0
21.07.2018 21:00:00.000,1.17196,1.17196,1.17196,1.17196,0
22.07.2018 21:00:00.000,1.17252,1.17497,1.16836,1.16915,248942.6811
23.07.2018 21:00:00.000,1.16914,1.17168,1.16545,1.16857,250547.3603
24.07.2018 21:00:00.000,1.16861,1.17385,1.16640,1.17281,257770.81849999996
25.07.2018 21:00:00.000,1.17282,1.17436,1.16402,1.16424,256783.54979999998
26.07.2018 21:00:00.000,1.16425,1.16642,1.16203,1.16559,225040.02000000002
27.07.2018 21:00:00.000,1.16559,1.16559,1.16559,1.16559,0
28.07.2018 21:00:00.000,1.16559,1.16559,1.16559,1.16559,0
29.07.2018 21:00:00.000,1.16561,1.17186,1.16479,1.17052,192738.50009999998
30.07.2018 21:00:00.000,1.17050,1.17458,1.16838,1.16908,226541.69730000003
31.07.2018 21:00:00.000,1.16907,1.16994,1.16572,1.16595,230454.66060000003
01.08.2018 21:00:00.000,1.16595,1.16675,1.15816,1.15840,229246.67969999995
02.08.2018 21:00:00.000,1.15840,1.16105,1.15603,1.15670,244391.7296
03.08.2018 21:00:00.000,1.15670,1.15670,1.15670,1.15670,0
04.08.2018 21:00:00.000,1.15670,1.15670,1.15670,1.15670,0
05.08.2018 21:00:00.000,1.15663,1.15705,1.15300,1.15533,202509.2597
06.08.2018 21:00:00.000,1.15532,1.16082,1.15501,1.15980,211096.0375
07.08.2018 21:00:00.000,1.15980,1.16281,1.15732,1.16097,204726.04869999996
08.08.2018 21:00:00.000,1.16097,1.16192,1.15254,1.15267,225359.75900000002
09.08.2018 21:00:00.000,1.15266,1.15363,1.13881,1.14090,299568.3696
10.08.2018 21:00:00.000,1.14090,1.14090,1.14090,1.14090,0
11.08.2018 21:00:00.000,1.14090,1.14090,1.14090,1.14090,0
12.08.2018 21:00:00.000,1.13710,1.14328,1.13649,1.14096,269563.54870000004
13.08.2018 21:00:00.000,1.14096,1.14294,1.13302,1.13434,257224.90849999996
14.08.2018 21:00:00.000,1.13434,1.13548,1.13009,1.13447,244889.69939999998
15.08.2018 21:00:00.000,1.13444,1.14091,1.13357,1.13762,244719.8102
16.08.2018 21:00:00.000,1.13758,1.14448,1.13663,1.14379,217954.0491
17.08.2018 21:00:00.000,1.14379,1.14379,1.14379,1.14379,0
18.08.2018 21:00:00.000,1.14379,1.14379,1.14379,1.14379,0
19.08.2018 21:00:00.000,1.14371,1.14849,1.13942,1.14809,215348.9984
20.08.2018 21:00:00.000,1.14804,1.16011,1.14797,1.15701,265108.4705
21.08.2018 21:00:00.000,1.15701,1.16229,1.15531,1.15962,229689.12920000002
22.08.2018 21:00:00.000,1.15961,1.15997,1.15298,1.15377,228486.51380000002
23.08.2018 21:00:00.000,1.15375,1.16397,1.15347,1.16205,235048.99800000002
24.08.2018 21:00:00.000,1.16205,1.16205,1.16205,1.16205,0
25.08.2018 21:00:00.000,1.16205,1.16205,1.16205,1.16205,0
26.08.2018 21:00:00.000,1.16141,1.16935,1.15943,1.16778,204405.75029999999
27.08.2018 21:00:00.000,1.16773,1.17334,1.16625,1.16938,236948.2682
28.08.2018 21:00:00.000,1.16939,1.17100,1.16520,1.17065,236788.63
29.08.2018 21:00:00.000,1.17063,1.17181,1.16417,1.16708,236264.7383
30.08.2018 21:00:00.000,1.16709,1.16901,1.15845,1.15997,245056.68960000007
31.08.2018 21:00:00.000,1.15997,1.15997,1.15997,1.15997,0
01.09.2018 21:00:00.000,1.15997,1.15997,1.15997,1.15997,0
02.09.2018 21:00:00.000,1.15961,1.16278,1.15889,1.16181,165659.3603
03.09.2018 21:00:00.000,1.16169,1.16203,1.15301,1.15805,214792.6391
04.09.2018 21:00:00.000,1.15802,1.16400,1.15425,1.16292,262635.8804
05.09.2018 21:00:00.000,1.16291,1.16592,1.16055,1.16227,232247.99019999997
06.09.2018 21:00:00.000,1.16219,1.16495,1.15506,1.15520,240767.23820000002
07.09.2018 21:00:00.000,1.15520,1.15520,1.15520,1.15520,0
08.09.2018 21:00:00.000,1.15520,1.15520,1.15520,1.15520,0
09.09.2018 21:00:00.000,1.15483,1.16161,1.15260,1.15924,197015.9604
10.09.2018 21:00:00.000,1.15916,1.16441,1.15654,1.16046,207996.37769999998
11.09.2018 21:00:00.000,1.16047,1.16496,1.15699,1.16253,230296.99060000005
12.09.2018 21:00:00.000,1.16253,1.17009,1.16091,1.16897,220989.21009999997
13.09.2018 21:00:00.000,1.16895,1.17215,1.16206,1.16227,215338.6789
14.09.2018 21:00:00.000,1.16227,1.16227,1.16227,1.16227,0
15.09.2018 21:00:00.000,1.16227,1.16227,1.16227,1.16227,0
16.09.2018 21:00:00.000,1.16223,1.16981,1.16180,1.16830,180434.11010000002
17.09.2018 21:00:00.000,1.16830,1.17243,1.16521,1.16651,228199.78969999996
18.09.2018 21:00:00.000,1.16650,1.17149,1.16500,1.16721,222738.15900000007
19.09.2018 21:00:00.000,1.16715,1.17845,1.16689,1.17766,249854.59029999995
20.09.2018 21:00:00.000,1.17765,1.18027,1.17327,1.17473,208051.42079999996
21.09.2018 21:00:00.000,1.17473,1.17473,1.17473,1.17473,0
22.09.2018 21:00:00.000,1.17473,1.17473,1.17473,1.17473,0
23.09.2018 21:00:00.000,1.17432,1.18153,1.17241,1.17473,202827.31309999997
24.09.2018 21:00:00.000,1.17471,1.17925,1.17310,1.17659,210741.02919999996
25.09.2018 21:00:00.000,1.17656,1.17976,1.17259,1.17379,217085.43189999997
26.09.2018 21:00:00.000,1.17361,1.17571,1.16389,1.16404,267086.5092
27.09.2018 21:00:00.000,1.16400,1.16511,1.15698,1.16019,232356.1422
28.09.2018 21:00:00.000,1.16019,1.16019,1.16019,1.16019,0
29.09.2018 21:00:00.000,1.16019,1.16019,1.16019,1.16019,0
30.09.2018 21:00:00.000,1.16171,1.16246,1.15635,1.15778,202791.8708
01.10.2018 21:00:00.000,1.15776,1.15802,1.15052,1.15461,242671.75880000004
02.10.2018 21:00:00.000,1.15454,1.15936,1.14645,1.14766,258337.01820000002
03.10.2018 21:00:00.000,1.14762,1.15426,1.14633,1.15136,234372.8819
04.10.2018 21:00:00.000,1.15135,1.15495,1.14838,1.15174,234348.46899999998
05.10.2018 21:00:00.000,1.15174,1.15174,1.15174,1.15174,0
06.10.2018 21:00:00.000,1.15174,1.15174,1.15174,1.15174,0
07.10.2018 21:00:00.000,1.15210,1.15296,1.14599,1.14908,186288.6705
08.10.2018 21:00:00.000,1.14907,1.15033,1.14321,1.14899,256954.00060000003
09.10.2018 21:00:00.000,1.14899,1.15452,1.14798,1.15185,232561.47939999998
10.10.2018 21:00:00.000,1.15182,1.15994,1.15175,1.15931,295862.32110000006
11.10.2018 21:00:00.000,1.15930,1.16104,1.15343,1.15571,236516.8483
12.10.2018 21:00:00.000,1.15571,1.15571,1.15571,1.15571,0
13.10.2018 21:00:00.000,1.15571,1.15571,1.15571,1.15571,0
14.10.2018 21:00:00.000,1.15372,1.16061,1.15369,1.15785,215262.82040000006
15.10.2018 21:00:00.000,1.15787,1.16212,1.15660,1.15732,215601.25859999994
16.10.2018 21:00:00.000,1.15732,1.15803,1.14960,1.14999,241252.21949999998
17.10.2018 21:00:00.000,1.15000,1.15272,1.14492,1.14522,251044.2489
18.10.2018 21:00:00.000,1.14521,1.15345,1.14331,1.15142,250150.5703
19.10.2018 21:00:00.000,1.15142,1.15142,1.15142,1.15142,0
20.10.2018 21:00:00.000,1.15142,1.15142,1.15142,1.15142,0
21.10.2018 21:00:00.000,1.15149,1.15501,1.14557,1.14636,224609.87079999995
22.10.2018 21:00:00.000,1.14635,1.14934,1.14392,1.14696,259093.2886
23.10.2018 21:00:00.000,1.14697,1.14766,1.13789,1.13914,257650.559
24.10.2018 21:00:00.000,1.13914,1.14326,1.13561,1.13745,245169.29079999993
25.10.2018 21:00:00.000,1.13743,1.14209,1.13355,1.14021,271600.0603
26.10.2018 21:00:00.000,1.14021,1.14021,1.14021,1.14021,0
27.10.2018 21:00:00.000,1.14021,1.14021,1.14021,1.14021,0
28.10.2018 21:00:00.000,1.13921,1.14163,1.13606,1.13721,241393.4395
29.10.2018 21:00:00.000,1.13721,1.13877,1.13404,1.13436,219600.01069999996
30.10.2018 21:00:00.000,1.13429,1.13601,1.13020,1.13115,235398.9412
31.10.2018 21:00:00.000,1.13115,1.14241,1.13074,1.14077,259568.42810000002
01.11.2018 21:00:00.000,1.14074,1.14557,1.13722,1.13860,239785.75120000006
02.11.2018 21:00:00.000,1.13860,1.13860,1.13860,1.13860,0
03.11.2018 21:00:00.000,1.13860,1.13860,1.13860,1.13860,0
04.11.2018 22:00:00.000,1.13863,1.14239,1.13530,1.14066,217421.12889999998
05.11.2018 22:00:00.000,1.14065,1.14378,1.13913,1.14261,225990.7811
06.11.2018 22:00:00.000,1.14259,1.14995,1.13947,1.14251,298025.5204
07.11.2018 22:00:00.000,1.14253,1.14465,1.13515,1.13629,257586.57220000005
08.11.2018 22:00:00.000,1.13629,1.13689,1.13161,1.13342,247999.99880000003
09.11.2018 22:00:00.000,1.13342,1.13342,1.13342,1.13342,0
10.11.2018 22:00:00.000,1.13342,1.13342,1.13342,1.13342,0
11.11.2018 22:00:00.000,1.13182,1.13305,1.12156,1.12177,239618.8999
12.11.2018 22:00:00.000,1.12174,1.12936,1.12164,1.12899,337848.8586
13.11.2018 22:00:00.000,1.12889,1.13475,1.12632,1.13081,297120.5602
14.11.2018 22:00:00.000,1.13069,1.13622,1.12705,1.13249,291863.4517
15.11.2018 22:00:00.000,1.13249,1.14202,1.13215,1.14185,253907.8318
16.11.2018 22:00:00.000,1.14185,1.14185,1.14185,1.14185,0
17.11.2018 22:00:00.000,1.14185,1.14185,1.14185,1.14185,0
18.11.2018 22:00:00.000,1.14133,1.14644,1.13938,1.14526,207259.67069999996
19.11.2018 22:00:00.000,1.14517,1.14723,1.13587,1.13696,239938.93639999998
20.11.2018 22:00:00.000,1.13696,1.14245,1.13634,1.13838,228952.5193
21.11.2018 22:00:00.000,1.13837,1.14340,1.13794,1.14002,176157.79150000002
22.11.2018 22:00:00.000,1.14008,1.14209,1.13275,1.13355,343454.5683
23.11.2018 22:00:00.000,1.13355,1.13355,1.13355,1.13355,0
24.11.2018 22:00:00.000,1.13355,1.13355,1.13355,1.13355,0
25.11.2018 22:00:00.000,1.13401,1.13837,1.13250,1.13275,229845.04030000002
26.11.2018 22:00:00.000,1.13273,1.13436,1.12775,1.12867,247102.25100000002
27.11.2018 22:00:00.000,1.12865,1.13875,1.12671,1.13660,265306.9801
28.11.2018 22:00:00.000,1.13659,1.14016,1.13486,1.13924,264011.27999999997
29.11.2018 22:00:00.000,1.13918,1.14003,1.13054,1.13164,260597.36009999996
30.11.2018 22:00:00.000,1.13164,1.13164,1.13164,1.13164,0
01.12.2018 22:00:00.000,1.13164,1.13164,1.13164,1.13164,0
02.12.2018 22:00:00.000,1.13499,1.13796,1.13192,1.13528,246981.1976
03.12.2018 22:00:00.000,1.13528,1.14187,1.13185,1.13415,284701.9903
04.12.2018 22:00:00.000,1.13415,1.13612,1.13107,1.13443,194512.64090000003
05.12.2018 22:00:00.000,1.13441,1.14123,1.13209,1.13720,280279.7696
06.12.2018 22:00:00.000,1.13720,1.14235,1.13603,1.13758,252844.9979
07.12.2018 22:00:00.000,1.13758,1.13758,1.13758,1.13758,0
08.12.2018 22:00:00.000,1.13758,1.13758,1.13758,1.13758,0
09.12.2018 22:00:00.000,1.13909,1.14426,1.13504,1.13552,259932.03170000002
10.12.2018 22:00:00.000,1.13548,1.14002,1.13062,1.13154,260289.78999999998
11.12.2018 22:00:00.000,1.13154,1.13872,1.13148,1.13681,264838.6409
12.12.2018 22:00:00.000,1.13681,1.13932,1.13310,1.13560,250498.67710000003
13.12.2018 22:00:00.000,1.13592,1.13649,1.12699,1.13045,264403.1212
14.12.2018 22:00:00.000,1.13045,1.13045,1.13045,1.13045,0
15.12.2018 22:00:00.000,1.13045,1.13045,1.13045,1.13045,0
16.12.2018 22:00:00.000,1.13008,1.13577,1.12967,1.13472,220321.82899999997
17.12.2018 22:00:00.000,1.13474,1.14022,1.13366,1.13595,248084.48960000006
18.12.2018 22:00:00.000,1.13594,1.14392,1.13591,1.13752,392303.2394
19.12.2018 22:00:00.000,1.13748,1.14859,1.13704,1.14451,519885.1379
20.12.2018 22:00:00.000,1.14454,1.14739,1.13559,1.13684,470650.75889999996
21.12.2018 22:00:00.000,1.13684,1.13684,1.13684,1.13684,0
22.12.2018 22:00:00.000,1.13684,1.13684,1.13684,1.13684,0
23.12.2018 22:00:00.000,1.13692,1.14384,1.13604,1.13988,373047.2295
24.12.2018 22:00:00.000,1.13976,1.14170,1.13894,1.13988,8155.2801
25.12.2018 22:00:00.000,1.13901,1.14198,1.13428,1.13507,257461.1485
26.12.2018 22:00:00.000,1.13507,1.14540,1.13504,1.14285,563907.8267
27.12.2018 22:00:00.000,1.14285,1.14727,1.14247,1.14414,453409.89060000004
28.12.2018 22:00:00.000,1.14414,1.14414,1.14414,1.14414,0
29.12.2018 22:00:00.000,1.14414,1.14414,1.14414,1.14414,0
30.12.2018 22:00:00.000,1.14331,1.14674,1.14213,1.14644,316061.53909999994
31.12.2018 22:00:00.000,1.14644,1.14644,1.14627,1.14627,5.25
01.01.2019 22:00:00.000,1.14598,1.14967,1.13250,1.13432,444066.54649999994
02.01.2019 22:00:00.000,1.13423,1.14110,1.13092,1.13924,503259.73329999996
03.01.2019 22:00:00.000,1.13924,1.14189,1.13456,1.13943,418205.8579
04.01.2019 22:00:00.000,1.13943,1.13943,1.13943,1.13943,0
05.01.2019 22:00:00.000,1.13943,1.13943,1.13943,1.13943,0
06.01.2019 22:00:00.000,1.13955,1.14826,1.13954,1.14740,365290.16069999995
07.01.2019 22:00:00.000,1.14740,1.14844,1.14222,1.14406,374697.228
08.01.2019 22:00:00.000,1.14406,1.15578,1.14370,1.15417,461404.6893999999
09.01.2019 22:00:00.000,1.15419,1.15697,1.14844,1.14994,503283.2468
10.01.2019 22:00:00.000,1.14994,1.15403,1.14580,1.14656,378819.8979000001
11.01.2019 22:00:00.000,1.14656,1.14656,1.14656,1.14656,0
12.01.2019 22:00:00.000,1.14656,1.14656,1.14656,1.14656,0
13.01.2019 22:00:00.000,1.14589,1.14820,1.14506,1.14679,346170.5487
14.01.2019 22:00:00.000,1.14679,1.14896,1.13819,1.14121,428238.4394
15.01.2019 22:00:00.000,1.14119,1.14248,1.13777,1.13911,373010.33019999997
16.01.2019 22:00:00.000,1.13911,1.14059,1.13700,1.13880,381653.9362
17.01.2019 22:00:00.000,1.13880,1.14103,1.13532,1.13614,391856.67270000005
18.01.2019 22:00:00.000,1.13614,1.13614,1.13614,1.13614,0
19.01.2019 22:00:00.000,1.13614,1.13614,1.13614,1.13614,0
20.01.2019 22:00:00.000,1.13603,1.13910,1.13567,1.13658,233318.68829999998
21.01.2019 22:00:00.000,1.13658,1.13739,1.13361,1.13595,367311.2478
22.01.2019 22:00:00.000,1.13594,1.13942,1.13505,1.13808,378369.69320000004
23.01.2019 22:00:00.000,1.13804,1.13913,1.12892,1.13020,430484.31729999994
24.01.2019 22:00:00.000,1.13011,1.14176,1.13004,1.14032,437970.6597999999
25.01.2019 22:00:00.000,1.14032,1.14032,1.14032,1.14032,0
26.01.2019 22:00:00.000,1.14032,1.14032,1.14032,1.14032,0
27.01.2019 22:00:00.000,1.14005,1.14436,1.13900,1.14271,355353.5988
28.01.2019 22:00:00.000,1.14257,1.14501,1.14111,1.14307,422806.6175
29.01.2019 22:00:00.000,1.14308,1.15016,1.14062,1.14786,430060.0301999999
30.01.2019 22:00:00.000,1.14786,1.15141,1.14356,1.14467,479601.8068
31.01.2019 22:00:00.000,1.14468,1.14884,1.14343,1.14547,406760.0677
01.02.2019 22:00:00.000,1.14547,1.14547,1.14547,1.14547,0
02.02.2019 22:00:00.000,1.14547,1.14547,1.14547,1.14547,0
03.02.2019 22:00:00.000,1.14503,1.14603,1.14244,1.14353,364641.27459999995
04.02.2019 22:00:00.000,1.14353,1.14404,1.14011,1.14054,333750.1993999999
05.02.2019 22:00:00.000,1.14054,1.14094,1.13608,1.13618,348621.8400999999
06.02.2019 22:00:00.000,1.13615,1.13683,1.13244,1.13390,377168.2571
07.02.2019 22:00:00.000,1.13383,1.13508,1.13207,1.13207,337884.74919999996
08.02.2019 22:00:00.000,1.13207,1.13207,1.13207,1.13207,0
09.02.2019 22:00:00.000,1.13207,1.13207,1.13207,1.13207,0
10.02.2019 22:00:00.000,1.13186,1.13298,1.12672,1.12754,381292.5479
11.02.2019 22:00:00.000,1.12752,1.13396,1.12577,1.13251,397043.4979
12.02.2019 22:00:00.000,1.13251,1.13414,1.12601,1.12602,381009.89109999995
13.02.2019 22:00:00.000,1.12601,1.13098,1.12490,1.12947,420237.8624
14.02.2019 22:00:00.000,1.12949,1.13061,1.12340,1.12925,437592.53010000003
15.02.2019 22:00:00.000,1.12925,1.12925,1.12925,1.12925,0
16.02.2019 22:00:00.000,1.12925,1.12925,1.12925,1.12925,0
17.02.2019 22:00:00.000,1.12906,1.13338,1.12889,1.13081,268325.4813
18.02.2019 22:00:00.000,1.13079,1.13574,1.12755,1.13400,403980.9442000001
19.02.2019 22:00:00.000,1.13400,1.13711,1.13249,1.13359,395136.9310999999
20.02.2019 22:00:00.000,1.13359,1.13663,1.13202,1.13333,443593.7802
21.02.2019 22:00:00.000,1.13323,1.13556,1.13161,1.13319,393106.23260000005
22.02.2019 22:00:00.000,1.13319,1.13319,1.13319,1.13319,0
23.02.2019 22:00:00.000,1.13319,1.13319,1.13319,1.13319,0
24.02.2019 22:00:00.000,1.13340,1.13675,1.13281,1.13568,370315.67029999994
25.02.2019 22:00:00.000,1.13570,1.14027,1.13450,1.13888,417727.3134
26.02.2019 22:00:00.000,1.13887,1.14036,1.13622,1.13693,422680.3583
27.02.2019 22:00:00.000,1.13691,1.14197,1.13595,1.13704,459223.3102
28.02.2019 22:00:00.000,1.13706,1.14085,1.13533,1.13633,413036.85990000004
01.03.2019 22:00:00.000,1.13633,1.13633,1.13633,1.13633,0
02.03.2019 22:00:00.000,1.13633,1.13633,1.13633,1.13633,0
03.03.2019 22:00:00.000,1.13811,1.13826,1.13090,1.13394,408082.59630000003
04.03.2019 22:00:00.000,1.13394,1.13408,1.12895,1.13073,394223.5472999999
05.03.2019 22:00:00.000,1.13072,1.13245,1.12855,1.13061,326397.968
06.03.2019 22:00:00.000,1.13059,1.13202,1.11764,1.11929,390982.3178
07.03.2019 22:00:00.000,1.11929,1.12461,1.11852,1.12311,380182.114
08.03.2019 22:00:00.000,1.12311,1.12311,1.12311,1.12311,0
09.03.2019 22:00:00.000,1.12311,1.12311,1.12311,1.12311,0
10.03.2019 21:00:00.000,1.12316,1.12583,1.12217,1.12440,309137.21530000004
11.03.2019 21:00:00.000,1.12436,1.13049,1.12434,1.12861,335385.00129999995
12.03.2019 21:00:00.000,1.12861,1.13385,1.12773,1.13268,299074.959
13.03.2019 21:00:00.000,1.13255,1.13375,1.12940,1.13034,330546.7996
14.03.2019 21:00:00.000,1.13025,1.13443,1.12976,1.13240,301440.2578
15.03.2019 21:00:00.000,1.13240,1.13240,1.13240,1.13240,0
16.03.2019 21:00:00.000,1.13240,1.13240,1.13240,1.13240,0
17.03.2019 21:00:00.000,1.13201,1.13589,1.13189,1.13388,252525.64159999997
18.03.2019 21:00:00.000,1.13388,1.13615,1.13295,1.13507,272469.3208
19.03.2019 21:00:00.000,1.13508,1.14480,1.13354,1.14130,363149.69659999997
20.03.2019 21:00:00.000,1.14129,1.14373,1.13425,1.13734,359013.25979999994
21.03.2019 21:00:00.000,1.13728,1.13905,1.12732,1.13004,413563.2645000001
22.03.2019 21:00:00.000,1.13004,1.13004,1.13004,1.13004,0
23.03.2019 21:00:00.000,1.13004,1.13004,1.13004,1.13004,0
24.03.2019 21:00:00.000,1.12892,1.13314,1.12883,1.13119,333540.579
25.03.2019 21:00:00.000,1.13117,1.13259,1.12632,1.12654,341540.2492
26.03.2019 21:00:00.000,1.12654,1.12855,1.12421,1.12435,417698.0301000001
27.03.2019 21:00:00.000,1.12435,1.12612,1.12135,1.12211,430559.39319999993
28.03.2019 21:00:00.000,1.12211,1.12466,1.12098,1.12179,436718.5814999999
29.03.2019 21:00:00.000,1.12179,1.12179,1.12179,1.12179,0
30.03.2019 21:00:00.000,1.12179,1.12179,1.12179,1.12179,0
31.03.2019 21:00:00.000,1.12254,1.12498,1.12039,1.12122,412209.1987
01.04.2019 21:00:00.000,1.12120,1.12160,1.11836,1.12040,440588.83970000007
02.04.2019 21:00:00.000,1.12043,1.12547,1.12000,1.12320,459490.9804
03.04.2019 21:00:00.000,1.12321,1.12475,1.12059,1.12199,383271.84209999995
04.04.2019 21:00:00.000,1.12198,1.12472,1.12099,1.12142,346356.78719999996
05.04.2019 21:00:00.000,1.12142,1.12142,1.12142,1.12142,0
06.04.2019 21:00:00.000,1.12142,1.12142,1.12142,1.12142,0
07.04.2019 21:00:00.000,1.12138,1.12744,1.12118,1.12616,379705.5689000001
08.04.2019 21:00:00.000,1.12604,1.12842,1.12549,1.12612,387174.0097
09.04.2019 21:00:00.000,1.12614,1.12876,1.12294,1.12731,434523.7744999999
10.04.2019 21:00:00.000,1.12730,1.12873,1.12498,1.12513,378748.4304
11.04.2019 21:00:00.000,1.12513,1.13239,1.12511,1.12976,415527.5331
12.04.2019 21:00:00.000,1.12976,1.12976,1.12976,1.12976,0
13.04.2019 21:00:00.000,1.12976,1.12976,1.12976,1.12976,0
14.04.2019 21:00:00.000,1.13035,1.13209,1.12975,1.13030,374810.4309
15.04.2019 21:00:00.000,1.13030,1.13139,1.12797,1.12804,476343.052
16.04.2019 21:00:00.000,1.12804,1.13237,1.12788,1.12944,394432.598
17.04.2019 21:00:00.000,1.12933,1.13039,1.12261,1.12279,416467.5791
18.04.2019 21:00:00.000,1.12295,1.12476,1.12263,1.12408,115584.66990000001
19.04.2019 21:00:00.000,1.12408,1.12408,1.12408,1.12408,0
20.04.2019 21:00:00.000,1.12408,1.12408,1.12408,1.12408,0
21.04.2019 21:00:00.000,1.12408,1.12620,1.12357,1.12566,182313.1733
22.04.2019 21:00:00.000,1.12568,1.12612,1.11921,1.12268,362754.9433
23.04.2019 21:00:00.000,1.12264,1.12265,1.11406,1.11519,392251.1006
24.04.2019 21:00:00.000,1.11518,1.11623,1.11178,1.11309,351084.3925000001
25.04.2019 21:00:00.000,1.11283,1.11739,1.11111,1.11429,353517.6993
26.04.2019 21:00:00.000,1.11429,1.11429,1.11429,1.11429,0
27.04.2019 21:00:00.000,1.11429,1.11429,1.11429,1.11429,0
28.04.2019 21:00:00.000,1.11441,1.11869,1.11441,1.11854,285168.9402
29.04.2019 21:00:00.000,1.11854,1.12290,1.11757,1.12145,321261.0212000001
30.04.2019 21:00:00.000,1.12141,1.12647,1.11870,1.11953,241818.1619
01.05.2019 21:00:00.000,1.11950,1.12190,1.11707,1.11714,302572.77050000004
02.05.2019 21:00:00.000,1.11714,1.12047,1.11350,1.12007,342215.52830000006
03.05.2019 21:00:00.000,1.12007,1.12007,1.12007,1.12007,0
04.05.2019 21:00:00.000,1.12007,1.12007,1.12007,1.12007,0
05.05.2019 21:00:00.000,1.11799,1.12092,1.11672,1.11980,318835.24919999996
06.05.2019 21:00:00.000,1.11980,1.12178,1.11666,1.11912,340447.04919999995
07.05.2019 21:00:00.000,1.11899,1.12136,1.11827,1.11909,367837.6512999999
08.05.2019 21:00:00.000,1.11909,1.12509,1.11734,1.12138,409646.99880000006
09.05.2019 21:00:00.000,1.12123,1.12536,1.12115,1.12329,380071.95060000004
10.05.2019 21:00:00.000,1.12329,1.12329,1.12329,1.12329,0
11.05.2019 21:00:00.000,1.12329,1.12329,1.12329,1.12329,0
12.05.2019 21:00:00.000,1.12320,1.12635,1.12216,1.12216,328236.8703
13.05.2019 21:00:00.000,1.12211,1.12439,1.12011,1.12033,316840.3628999999
14.05.2019 21:00:00.000,1.12033,1.12245,1.11779,1.12008,339619.66089999996
15.05.2019 21:00:00.000,1.12009,1.12238,1.11662,1.11736,331828.9408
16.05.2019 21:00:00.000,1.11735,1.11841,1.11551,1.11563,359815.5641
17.05.2019 21:00:00.000,1.11563,1.11563,1.11563,1.11563,0
18.05.2019 21:00:00.000,1.11563,1.11563,1.11563,1.11563,0
19.05.2019 21:00:00.000,1.11598,1.11748,1.11506,1.11655,302289.56909999996
20.05.2019 21:00:00.000,1.11652,1.11880,1.11419,1.11604,334241.3002999999
21.05.2019 21:00:00.000,1.11593,1.11802,1.11485,1.11501,286754.2488
22.05.2019 21:00:00.000,1.11498,1.11875,1.11070,1.11815,367019.64240000007
23.05.2019 21:00:00.000,1.11819,1.12121,1.11733,1.12043,319912.6509
24.05.2019 21:00:00.000,1.12043,1.12043,1.12043,1.12043,0
25.05.2019 21:00:00.000,1.12043,1.12043,1.12043,1.12043,0
26.05.2019 21:00:00.000,1.12091,1.12151,1.11869,1.11910,190827.99799999996
27.05.2019 21:00:00.000,1.11910,1.11983,1.11592,1.11598,305060.0014
28.05.2019 21:00:00.000,1.11598,1.11724,1.11243,1.11310,353468.89820000005
29.05.2019 21:00:00.000,1.11305,1.11433,1.11160,1.11291,301167.99019999994
30.05.2019 21:00:00.000,1.11285,1.11797,1.11251,1.11678,423489.3182
31.05.2019 21:00:00.000,1.11678,1.11678,1.11678,1.11678,0
01.06.2019 21:00:00.000,1.11678,1.11678,1.11678,1.11678,0
02.06.2019 21:00:00.000,1.11607,1.12619,1.11601,1.12414,373155.9781
03.06.2019 21:00:00.000,1.12414,1.12774,1.12267,1.12515,412796.5936000001
04.06.2019 21:00:00.000,1.12515,1.13065,1.12200,1.12208,397885.75739999994
05.06.2019 21:00:00.000,1.12204,1.13090,1.12008,1.12753,364190.7608
06.06.2019 21:00:00.000,1.12752,1.13477,1.12512,1.13334,357020.7048
07.06.2019 21:00:00.000,1.13334,1.13334,1.13334,1.13334,0
08.06.2019 21:00:00.000,1.13334,1.13334,1.13334,1.13334,0
09.06.2019 21:00:00.000,1.13220,1.13308,1.12902,1.13113,323441.39239999995
10.06.2019 21:00:00.000,1.13109,1.13374,1.13013,1.13260,358470.65049999993
11.06.2019 21:00:00.000,1.13253,1.13434,1.12824,1.12871,373380.33819999994
12.06.2019 21:00:00.000,1.12871,1.13037,1.12683,1.12761,353828.4198
13.06.2019 21:00:00.000,1.12761,1.12891,1.12024,1.12050,352199.19279999996
14.06.2019 21:00:00.000,1.12050,1.12050,1.12050,1.12050,0
15.06.2019 21:00:00.000,1.12050,1.12050,1.12050,1.12050,0
16.06.2019 21:00:00.000,1.12089,1.12470,1.12037,1.12178,246530.3533
17.06.2019 21:00:00.000,1.12178,1.12428,1.11813,1.11936,391516.4326
18.06.2019 21:00:00.000,1.11926,1.12542,1.11871,1.12259,318790.70950000006
19.06.2019 21:00:00.000,1.12255,1.13173,1.12255,1.12916,424441.7689
20.06.2019 21:00:00.000,1.12913,1.13777,1.12830,1.13679,420897.49290000007
21.06.2019 21:00:00.000,1.13679,1.13679,1.13679,1.13679,0
22.06.2019 21:00:00.000,1.13679,1.13679,1.13679,1.13679,0
23.06.2019 21:00:00.000,1.13695,1.14039,1.13662,1.13978,299686.55880000006
24.06.2019 21:00:00.000,1.13979,1.14119,1.13442,1.13651,390537.92220000003
25.06.2019 21:00:00.000,1.13651,1.13913,1.13474,1.13678,344653.0698
26.06.2019 21:00:00.000,1.13676,1.13814,1.13477,1.13689,305483.49140000006
27.06.2019 21:00:00.000,1.13689,1.13933,1.13506,1.13681,283378.0901
28.06.2019 21:00:00.000,1.13681,1.13681,1.13681,1.13681,0
29.06.2019 21:00:00.000,1.13681,1.13681,1.13681,1.13681,0
30.06.2019 21:00:00.000,1.13595,1.13710,1.12810,1.12851,306082.3211
01.07.2019 21:00:00.000,1.12850,1.13215,1.12751,1.12847,265242.0293
02.07.2019 21:00:00.000,1.12842,1.13123,1.12686,1.12774,265517.24880000006
03.07.2019 21:00:00.000,1.12777,1.12951,1.12731,1.12847,139750.8095
04.07.2019 21:00:00.000,1.12837,1.12877,1.12073,1.12235,264181.82769999997
05.07.2019 21:00:00.000,1.12235,1.12235,1.12235,1.12235,0
06.07.2019 21:00:00.000,1.12235,1.12235,1.12235,1.12235,0
07.07.2019 21:00:00.000,1.12215,1.12344,1.12069,1.12142,214337.45109999995
08.07.2019 21:00:00.000,1.12141,1.12187,1.11933,1.12078,217992.44180000003
09.07.2019 21:00:00.000,1.12076,1.12643,1.12018,1.12503,274645.43869999994
10.07.2019 21:00:00.000,1.12503,1.12857,1.12451,1.12529,281815.8216
11.07.2019 21:00:00.000,1.12529,1.12748,1.12381,1.12698,263650.37010000006
12.07.2019 21:00:00.000,1.12698,1.12698,1.12698,1.12698,0
13.07.2019 21:00:00.000,1.12698,1.12698,1.12698,1.12698,0
14.07.2019 21:00:00.000,1.12666,1.12838,1.12532,1.12577,210951.8792
15.07.2019 21:00:00.000,1.12574,1.12634,1.12018,1.12103,261704.96149999998
16.07.2019 21:00:00.000,1.12102,1.12335,1.11997,1.12242,224551.34879999998
17.07.2019 21:00:00.000,1.12237,1.12804,1.12051,1.12765,304572.3611
18.07.2019 21:00:00.000,1.12766,1.12820,1.12033,1.12192,302348.59109999996
19.07.2019 21:00:00.000,1.12192,1.12192,1.12192,1.12192,0
20.07.2019 21:00:00.000,1.12192,1.12192,1.12192,1.12192,0
21.07.2019 21:00:00.000,1.12150,1.12253,1.12062,1.12094,228680.34199999995
22.07.2019 21:00:00.000,1.12093,1.12096,1.11457,1.11517,269201.8498
23.07.2019 21:00:00.000,1.11516,1.11558,1.11269,1.11399,268376.5412
24.07.2019 21:00:00.000,1.11400,1.11877,1.11013,1.11462,362814.33939999994
25.07.2019 21:00:00.000,1.11460,1.11509,1.11120,1.11247,267954.1497
26.07.2019 21:00:00.000,1.11247,1.11247,1.11247,1.11247,0
27.07.2019 21:00:00.000,1.11247,1.11247,1.11247,1.11247,0
28.07.2019 21:00:00.000,1.11246,1.11509,1.11128,1.11443,230541.09889999998
29.07.2019 21:00:00.000,1.11443,1.11610,1.11321,1.11545,274747.22069999995
30.07.2019 21:00:00.000,1.11548,1.11620,1.10600,1.10749,353835.78630000004
31.07.2019 21:00:00.000,1.10749,1.10958,1.10268,1.10847,463136.0000999992
01.08.2019 21:00:00.000,1.10849,1.11164,1.10696,1.11057,480267.1798000005
02.08.2019 21:00:00.000,1.11057,1.11057,1.11057,1.11057,0
03.08.2019 21:00:00.000,1.11057,1.11057,1.11057,1.11057,0
04.08.2019 21:00:00.000,1.11042,1.12130,1.11033,1.12033,464957.02999999886
05.08.2019 21:00:00.000,1.12034,1.12497,1.11675,1.11980,433454.9398999999
06.08.2019 21:00:00.000,1.11980,1.12417,1.11791,1.11980,443704.07999999967
07.08.2019 21:00:00.000,1.11974,1.12323,1.11769,1.11802,348000.0199000002
08.08.2019 21:00:00.000,1.11801,1.12079,1.11780,1.12016,8938.941023306706